location,truth_date,year_week,value
AT,2024-01-07,2024-W01,2420.40588344815,ERVISS
AT,2023-12-31,2023-W52,2238.25574046766,ERVISS
AT,2023-12-24,2023-W51,3209.76230408883,ERVISS
AT,2023-12-17,2023-W50,3242.51597712748,ERVISS
AT,2023-12-03,2023-W48,2395.47853426657,ERVISS
AT,2023-11-26,2023-W47,2778.61155182025,ERVISS
AT,2023-11-19,2023-W46,2184.92925304376,ERVISS
AT,2023-11-12,2023-W45,2248.43487555352,ERVISS
AT,2023-11-05,2023-W44,2090.6240058173894,ERVISS
AT,2023-10-29,2023-W43,2094.04849375459,ERVISS
AT,2023-10-22,2023-W42,2114.81539180558,ERVISS
AT,2023-10-15,2023-W41,1968.66012099574,ERVISS
AT,2023-10-08,2023-W40,1467.6715589052,ERVISS
AT,2023-04-02,2023-W13,2285.22852285229,ERVISS
AT,2023-03-26,2023-W12,3254.98781444917,ERVISS
AT,2023-03-19,2023-W11,2899.82761923003,ERVISS
AT,2023-03-12,2023-W10,3172.79829805964,ERVISS
AT,2023-03-05,2023-W09,3298.52552323757,ERVISS
AT,2023-02-26,2023-W08,3132.7029086182906,ERVISS
AT,2023-02-19,2023-W07,2468.54711513773,ERVISS
AT,2023-02-12,2023-W06,2160.38947866658,ERVISS
AT,2023-02-05,2023-W05,2072.40582474416,ERVISS
AT,2023-01-29,2023-W04,2140.10413144905,ERVISS
AT,2023-01-22,2023-W03,2410.57542768274,ERVISS
AT,2023-01-15,2023-W02,2853.93618726952,ERVISS
AT,2023-01-08,2023-W01,3043.2955023119,ERVISS
AT,2023-01-01,2022-W52,4391.15250291036,ERVISS
AT,2022-12-25,2022-W51,5322.74856845393,ERVISS
AT,2022-12-18,2022-W50,5849.27241532694,ERVISS
AT,2022-12-11,2022-W49,4337.99753913068,ERVISS
AT,2022-12-04,2022-W48,4105.25135907639,ERVISS
AT,2022-11-27,2022-W47,3043.78216940967,ERVISS
AT,2022-11-20,2022-W46,2665.69231746839,ERVISS
AT,2022-11-13,2022-W45,2335.63087032606,ERVISS
AT,2022-11-06,2022-W44,1474.31386347643,ERVISS
AT,2022-10-30,2022-W43,1274.32173198136,ERVISS
AT,2022-10-23,2022-W42,1685.15950069348,ERVISS
AT,2022-10-16,2022-W41,1740.84968896176,ERVISS
AT,2022-10-09,2022-W40,1182.97250388234,ERVISS
BE,2024-01-07,2024-W01,291.936978683967,ERVISS
BE,2023-12-31,2023-W52,206.522905267675,ERVISS
BE,2023-12-24,2023-W51,533.091568449683,ERVISS
BE,2023-12-17,2023-W50,466.931152144455,ERVISS
BE,2023-12-10,2023-W49,303.040284594354,ERVISS
BE,2023-12-03,2023-W48,278.953922789539,ERVISS
BE,2023-11-26,2023-W47,262.671795827755,ERVISS
BE,2023-11-19,2023-W46,206.90321956879,ERVISS
BE,2023-11-12,2023-W45,219.016417181023,ERVISS
BE,2023-11-05,2023-W44,178.170779992081,ERVISS
BE,2023-10-29,2023-W43,80.3132215641,ERVISS
BE,2023-10-22,2023-W42,183.11999853504,ERVISS
BE,2023-10-15,2023-W41,175.914388331012,ERVISS
BE,2023-10-08,2023-W40,173.352221890844,ERVISS
BE,2023-10-01,2023-W39,205.843777324395,ERVISS
BE,2023-09-24,2023-W38,161.858516614301,ERVISS
BE,2023-09-17,2023-W37,151.127410482197,ERVISS
BE,2023-09-10,2023-W36,168.223471601222,ERVISS
BE,2023-09-03,2023-W35,94.1782467470065,ERVISS
BE,2023-08-27,2023-W34,97.9268176172733,ERVISS
BE,2023-08-20,2023-W33,87.085026653296,ERVISS
BE,2023-08-13,2023-W32,32.6782129685822,ERVISS
BE,2023-08-06,2023-W31,65.2851486816612,ERVISS
BE,2023-07-30,2023-W30,42.641650231864,ERVISS
BE,2023-07-23,2023-W29,35.1511499447625,ERVISS
BE,2023-07-16,2023-W28,13.8651384202986,ERVISS
BE,2023-07-09,2023-W27,57.3964105167885,ERVISS
BE,2023-07-02,2023-W26,33.9743154175443,ERVISS
BE,2023-06-25,2023-W25,45.4437682762981,ERVISS
BE,2023-06-18,2023-W24,39.2375524027838,ERVISS
BE,2023-06-11,2023-W23,65.5640624339072,ERVISS
BE,2023-06-04,2023-W22,37.5293815552966,ERVISS
BE,2023-05-28,2023-W21,49.413483435741,ERVISS
BE,2023-05-21,2023-W20,33.8794376013358,ERVISS
BE,2023-05-14,2023-W19,74.1798490440072,ERVISS
BE,2023-05-07,2023-W18,54.9787485990992,ERVISS
BE,2023-04-30,2023-W17,48.7536035272172,ERVISS
BE,2023-04-23,2023-W16,114.480732676689,ERVISS
BE,2023-04-16,2023-W15,79.49652202716132,ERVISS
BE,2023-04-09,2023-W14,147.509107569899,ERVISS
BE,2023-04-02,2023-W13,286.612942249353,ERVISS
BE,2023-03-26,2023-W12,366.662546862769,ERVISS
BE,2023-03-19,2023-W11,274.20554787969,ERVISS
BE,2023-03-12,2023-W10,376.363601627725,ERVISS
BE,2023-03-05,2023-W09,383.458798361218,ERVISS
BE,2023-02-26,2023-W08,376.34858242034,ERVISS
BE,2023-02-19,2023-W07,598.602606374627,ERVISS
BE,2023-02-12,2023-W06,569.498841019902,ERVISS
BE,2023-02-05,2023-W05,581.038046818258,ERVISS
BE,2023-01-29,2023-W04,423.598747621094,ERVISS
BE,2023-01-22,2023-W03,377.848395597582,ERVISS
BE,2023-01-15,2023-W02,484.674855774891,ERVISS
BE,2023-01-08,2023-W01,676.112052958747,ERVISS
BE,2023-01-01,2022-W52,841.994803118129,ERVISS
BE,2022-12-25,2022-W51,850.039105915284,ERVISS
BE,2022-12-18,2022-W50,655.366790848271,ERVISS
BE,2022-12-11,2022-W49,260.135270340577,ERVISS
BE,2022-12-04,2022-W48,210.937802376437,ERVISS
BE,2022-11-27,2022-W47,210.276279667452,ERVISS
BE,2022-11-20,2022-W46,132.77807954614,ERVISS
BE,2022-11-13,2022-W45,94.6473881348423,ERVISS
BE,2022-11-06,2022-W44,76.850449026195,ERVISS
BE,2022-10-30,2022-W43,93.0494243919328,ERVISS
BE,2022-10-23,2022-W42,182.605167049912,ERVISS
BE,2022-10-16,2022-W41,145.594005788249,ERVISS
BE,2022-10-09,2022-W40,176.711659209685,ERVISS
BE,2022-10-02,2022-W39,181.906378850352,ERVISS
BE,2022-09-25,2022-W38,207.208046191097,ERVISS
BE,2022-09-18,2022-W37,122.396716001958,ERVISS
BE,2022-09-11,2022-W36,52.1199211402932,ERVISS
BE,2022-09-04,2022-W35,89.126559714795,ERVISS
BE,2022-08-28,2022-W34,93.1167144502438,ERVISS
BE,2022-08-21,2022-W33,67.0937581161804,ERVISS
BE,2022-08-14,2022-W32,95.4603309291472,ERVISS
BE,2022-08-07,2022-W31,98.3652630099771,ERVISS
BE,2022-07-31,2022-W30,130.018248175182,ERVISS
BE,2022-07-24,2022-W29,59.1682632705962,ERVISS
BE,2022-07-17,2022-W28,72.5027480880324,ERVISS
BE,2022-07-10,2022-W27,148.044935992336,ERVISS
BE,2022-07-03,2022-W26,197.749027032713,ERVISS
BE,2022-06-26,2022-W25,172.739650862682,ERVISS
HR,2024-01-07,2024-W01,18.3295561385838,ERVISS
HR,2023-12-31,2023-W52,10.6471261395712,ERVISS
HR,2023-12-24,2023-W51,8.04334952916758,ERVISS
HR,2023-12-17,2023-W50,2.65533654328289,ERVISS
HR,2023-12-10,2023-W49,0.928078791827029,ERVISS
HR,2023-12-03,2023-W48,0.360919530154956,ERVISS
HR,2023-11-26,2023-W47,0.309359597275676,ERVISS
HR,2023-11-19,2023-W46,0.206239731517118,ERVISS
HR,2023-11-12,2023-W45,0.154679798637838,ERVISS
HR,2023-11-05,2023-W44,0.206239731517118,ERVISS
HR,2023-10-29,2023-W43,0.335139563715316,ERVISS
HR,2023-10-22,2023-W42,0.180459765077478,ERVISS
HR,2023-10-15,2023-W41,0.180459765077478,ERVISS
HR,2023-10-08,2023-W40,0.154679798637838,ERVISS
HR,2023-09-03,2023-W35,0.386699496594595,ERVISS
HR,2023-07-30,2023-W30,0.103119865758559,ERVISS
HR,2023-07-02,2023-W26,0.592939228111713,ERVISS
HR,2023-05-21,2023-W20,0.309359597275676,ERVISS
HR,2023-05-14,2023-W19,0.489819362353154,ERVISS
HR,2023-05-07,2023-W18,1.72725775145586,ERVISS
HR,2023-04-30,2023-W17,1.4952380534991,ERVISS
HR,2023-04-23,2023-W16,4.40837426117839,ERVISS
HR,2023-04-16,2023-W15,6.80591114006488,ERVISS
HR,2023-04-09,2023-W14,9.22922798539101,ERVISS
HR,2023-04-02,2023-W13,12.5806236225442,ERVISS
HR,2023-03-26,2023-W12,19.6701143934451,ERVISS
HR,2023-03-19,2023-W11,24.0011487553046,ERVISS
HR,2023-03-12,2023-W10,31.9413784187136,ERVISS
HR,2023-03-05,2023-W09,57.0768456973623,ERVISS
HR,2023-02-26,2023-W08,72.8026252255425,ERVISS
HR,2023-02-19,2023-W07,89.3791436462308,ERVISS
HR,2023-02-12,2023-W06,90.6681419682128,ERVISS
HR,2023-02-05,2023-W05,102.088667100973,ERVISS
HR,2023-01-29,2023-W04,100.438749248836,ERVISS
HR,2023-01-22,2023-W03,101.882427369456,ERVISS
HR,2023-01-15,2023-W02,92.8336591491425,ERVISS
HR,2023-01-08,2023-W01,52.5395716039857,ERVISS
HR,2023-01-01,2022-W52,52.5395716039857,ERVISS
HR,2022-12-25,2022-W51,17.8655167426703,ERVISS
HR,2022-12-18,2022-W50,10.4666663744937,ERVISS
HR,2022-12-11,2022-W49,2.7584564090414494,ERVISS
HR,2022-12-04,2022-W48,0.979638724706308,ERVISS
HR,2022-11-27,2022-W47,0.464039395913514,ERVISS
HR,2022-11-20,2022-W46,0.128899832198198,ERVISS
HR,2022-11-13,2022-W45,0.206239731517118,ERVISS
HR,2022-11-06,2022-W44,0.0773398993189191,ERVISS
HR,2022-10-30,2022-W43,0.0,ERVISS
HR,2022-10-23,2022-W42,0.0773398993189191,ERVISS
HR,2022-10-16,2022-W41,0.128899832198198,ERVISS
HR,2022-10-09,2022-W40,0.0257799664396397,ERVISS
HR,2022-10-02,2022-W39,0.0484903616920324,ERVISS
HR,2022-09-04,2022-W35,0.121225904230081,ERVISS
HR,2022-07-31,2022-W30,0.0242451808460162,ERVISS
HR,2022-07-03,2022-W26,0.0242451808460162,ERVISS
CZ,2024-01-07,2024-W01,40.2526445395512,ERVISS
CZ,2023-12-31,2023-W52,29.2610645674235,ERVISS
CZ,2023-12-24,2023-W51,42.2389534303086,ERVISS
CZ,2023-12-17,2023-W50,41.7497899011161,ERVISS
CZ,2023-12-10,2023-W49,36.723813601116,ERVISS
CZ,2023-12-03,2023-W48,27.6821674523048,ERVISS
CZ,2023-11-26,2023-W47,22.5450483009835,ERVISS
CZ,2023-11-19,2023-W46,12.4290393686048,ERVISS
CZ,2023-11-12,2023-W45,17.404175817231,ERVISS
CZ,2023-11-05,2023-W44,14.8784963850673,ERVISS
CZ,2023-10-29,2023-W43,14.0374211763956,ERVISS
CZ,2023-10-22,2023-W42,13.8223833576537,ERVISS
CZ,2023-10-15,2023-W41,11.8923247125824,ERVISS
CZ,2023-10-08,2023-W40,10.2298017916427,ERVISS
CZ,2023-10-01,2023-W39,7.31501778093005,ERVISS
CZ,2023-09-24,2023-W38,9.33530475820483,ERVISS
CZ,2023-09-17,2023-W37,7.43613794035879,ERVISS
CZ,2023-09-10,2023-W36,4.12620691552279,ERVISS
CZ,2023-09-03,2023-W35,3.88836220482774,ERVISS
CZ,2023-08-27,2023-W34,3.09582918099102,ERVISS
CZ,2023-08-20,2023-W33,2.98233455682386,ERVISS
CZ,2023-08-13,2023-W32,2.1964738450558,ERVISS
CZ,2023-08-06,2023-W31,2.27868517883716,ERVISS
CZ,2023-07-30,2023-W30,3.19564526960922,ERVISS
CZ,2023-07-23,2023-W29,3.50490328564937,ERVISS
CZ,2023-07-16,2023-W28,3.19453567301126,ERVISS
CZ,2023-07-09,2023-W27,2.51925191959362,ERVISS
CZ,2023-07-02,2023-W26,6.12303849662356,ERVISS
CZ,2023-06-25,2023-W25,6.13304246101745,ERVISS
CZ,2023-06-18,2023-W24,6.24952740930612,ERVISS
CZ,2023-06-11,2023-W23,7.237285351401151,ERVISS
CZ,2023-06-04,2023-W22,6.03406252048968,ERVISS
CZ,2023-05-28,2023-W21,8.46632620110935,ERVISS
CZ,2023-05-21,2023-W20,10.7006429876385,ERVISS
CZ,2023-05-14,2023-W19,11.0068801393917,ERVISS
CZ,2023-05-07,2023-W18,13.7648453020177,ERVISS
CZ,2023-04-30,2023-W17,18.0562291380559,ERVISS
CZ,2023-04-23,2023-W16,22.9073809251671,ERVISS
CZ,2023-04-16,2023-W15,23.1462720437848,ERVISS
CZ,2023-04-09,2023-W14,26.2680583805778,ERVISS
CZ,2023-04-02,2023-W13,40.7973870674658,ERVISS
CZ,2023-03-26,2023-W12,45.3474062166261,ERVISS
CZ,2023-03-19,2023-W11,54.4917454384205,ERVISS
CZ,2023-03-12,2023-W10,67.4437565956027,ERVISS
CZ,2023-03-05,2023-W09,73.6479956112784,ERVISS
CZ,2023-02-26,2023-W08,62.7163009257445,ERVISS
CZ,2023-02-19,2023-W07,50.730132715877,ERVISS
CZ,2023-02-12,2023-W06,55.9373042433809,ERVISS
CZ,2023-02-05,2023-W05,67.7064958182904,ERVISS
CZ,2023-01-29,2023-W04,74.1085841927556,ERVISS
CZ,2023-01-22,2023-W03,91.73747499607468,ERVISS
CZ,2023-01-15,2023-W02,116.043389889666,ERVISS
CZ,2023-01-08,2023-W01,157.958105773604,ERVISS
CZ,2023-01-01,2022-W52,133.471841218536,ERVISS
CZ,2022-12-25,2022-W51,168.758832212299,ERVISS
CZ,2022-12-18,2022-W50,108.687099302496,ERVISS
CZ,2022-12-11,2022-W49,43.1764478292501,ERVISS
CZ,2022-12-04,2022-W48,23.4324847659052,ERVISS
CZ,2022-11-27,2022-W47,18.2134709504687,ERVISS
CZ,2022-11-20,2022-W46,14.1642468388813,ERVISS
CZ,2022-11-13,2022-W45,12.9828848688789,ERVISS
CZ,2022-11-06,2022-W44,15.397353742933,ERVISS
CZ,2022-10-30,2022-W43,11.1167644025853,ERVISS
CZ,2022-10-23,2022-W42,16.3443735685271,ERVISS
CZ,2022-10-16,2022-W41,11.8590759990198,ERVISS
CZ,2022-10-09,2022-W40,16.6519153281119,ERVISS
CZ,2022-10-02,2022-W39,12.4355937901468,ERVISS
CZ,2022-09-25,2022-W38,12.0542510977149,ERVISS
CZ,2022-09-18,2022-W37,8.36469310035,ERVISS
CZ,2022-09-11,2022-W36,4.80976789863784,ERVISS
CZ,2022-09-04,2022-W35,3.31925645889274,ERVISS
CZ,2022-08-28,2022-W34,2.60039005850878,ERVISS
CZ,2022-08-21,2022-W33,2.46834291442185,ERVISS
CZ,2022-08-14,2022-W32,2.87918242547047,ERVISS
CZ,2022-08-07,2022-W31,1.51674222728856,ERVISS
CZ,2022-07-31,2022-W30,3.5492936550697,ERVISS
CZ,2022-07-24,2022-W29,3.94832937200048,ERVISS
CZ,2022-07-17,2022-W28,4.15824680754145,ERVISS
CZ,2022-07-10,2022-W27,3.38738301684595,ERVISS
CZ,2022-07-03,2022-W26,7.60486156378144,ERVISS
CZ,2022-06-26,2022-W25,6.06185155122552,ERVISS
DK,2024-01-07,2024-W01,211.547682847714,ERVISS
DK,2023-12-31,2023-W52,246.919557481421,ERVISS
DK,2023-12-24,2023-W51,288.199045612206,ERVISS
DK,2023-12-17,2023-W50,269.779588507703,ERVISS
DK,2023-12-10,2023-W49,252.318845730125,ERVISS
DK,2023-12-03,2023-W48,235.877343781234,ERVISS
DK,2023-11-26,2023-W47,188.733974049079,ERVISS
DK,2023-11-19,2023-W46,151.818114493076,ERVISS
DK,2023-11-12,2023-W45,175.748779522364,ERVISS
DK,2023-11-05,2023-W44,151.355254387914,ERVISS
DK,2023-10-29,2023-W43,131.610539514286,ERVISS
DK,2023-10-22,2023-W42,108.250576551984,ERVISS
DK,2023-10-15,2023-W41,105.1404676648,ERVISS
DK,2023-10-08,2023-W40,104.053919800049,ERVISS
DK,2023-10-01,2023-W39,94.7125679459727,ERVISS
DK,2023-09-24,2023-W38,77.6525401793068,ERVISS
DK,2023-09-17,2023-W37,70.3242373549563,ERVISS
DK,2023-09-10,2023-W36,87.2829958604756,ERVISS
DK,2023-09-03,2023-W35,80.5939242770078,ERVISS
DK,2023-08-27,2023-W34,75.5317845915159,ERVISS
DK,2023-08-20,2023-W33,76.7565297359141,ERVISS
DK,2023-08-13,2023-W32,71.7087321678854,ERVISS
DK,2023-08-06,2023-W31,120.124364047484,ERVISS
DK,2023-07-30,2023-W30,105.192093322657,ERVISS
DK,2023-07-23,2023-W29,101.189302845128,ERVISS
DK,2023-07-16,2023-W28,83.1241375870725,ERVISS
DK,2023-07-09,2023-W27,92.8762926081961,ERVISS
DK,2023-07-02,2023-W26,60.7702811876658,ERVISS
DK,2023-06-25,2023-W25,65.1647737851424,ERVISS
DK,2023-06-18,2023-W24,52.5375643585163,ERVISS
DK,2023-06-11,2023-W23,59.6138278980164,ERVISS
DK,2023-06-04,2023-W22,70.164630181059,ERVISS
DK,2023-05-28,2023-W21,95.9483093664983,ERVISS
DK,2023-05-21,2023-W20,94.535364820567,ERVISS
DK,2023-05-14,2023-W19,82.3327615780446,ERVISS
DK,2023-05-07,2023-W18,67.9646583776436,ERVISS
DK,2023-04-30,2023-W17,116.289086053924,ERVISS
DK,2023-04-23,2023-W16,109.861902561733,ERVISS
DK,2023-04-16,2023-W15,130.748880748881,ERVISS
DK,2023-04-09,2023-W14,145.121105488917,ERVISS
DK,2023-04-02,2023-W13,175.089309668036,ERVISS
DK,2023-03-26,2023-W12,215.744003088952,ERVISS
DK,2023-03-19,2023-W11,201.747188570877,ERVISS
DK,2023-03-12,2023-W10,174.909047295406,ERVISS
DK,2023-03-05,2023-W09,167.446611047548,ERVISS
DK,2023-02-26,2023-W08,199.742388321604,ERVISS
DK,2023-02-19,2023-W07,283.046127981507,ERVISS
DK,2023-02-12,2023-W06,228.853355525174,ERVISS
DK,2023-02-05,2023-W05,192.248008552019,ERVISS
DK,2023-01-29,2023-W04,191.987552179623,ERVISS
DK,2023-01-22,2023-W03,179.393623490574,ERVISS
DK,2023-01-15,2023-W02,195.724626913198,ERVISS
DK,2023-01-08,2023-W01,285.960893133712,ERVISS
DK,2023-01-01,2022-W52,249.62695413279,ERVISS
DK,2022-12-25,2022-W51,246.756574639118,ERVISS
DK,2022-12-18,2022-W50,235.292952109216,ERVISS
DK,2022-12-11,2022-W49,163.390840501706,ERVISS
DK,2022-12-04,2022-W48,181.513825303027,ERVISS
DK,2022-11-27,2022-W47,181.471774888789,ERVISS
DK,2022-11-20,2022-W46,154.774236792395,ERVISS
DK,2022-11-13,2022-W45,141.603683433238,ERVISS
DK,2022-11-06,2022-W44,167.739256798837,ERVISS
DK,2022-10-30,2022-W43,147.248977437657,ERVISS
DK,2022-10-23,2022-W42,157.118414725518,ERVISS
DK,2022-10-16,2022-W41,127.381285894383,ERVISS
DK,2022-10-09,2022-W40,125.680306947851,ERVISS
DK,2022-10-02,2022-W39,88.204764132931,ERVISS
DK,2022-09-25,2022-W38,80.397392827404,ERVISS
DK,2022-09-18,2022-W37,63.8144514482208,ERVISS
DK,2022-09-11,2022-W36,81.9214299013219,ERVISS
DK,2022-09-04,2022-W35,80.6043963550419,ERVISS
DK,2022-08-28,2022-W34,91.6990036120461,ERVISS
DK,2022-08-21,2022-W33,88.7874175545408,ERVISS
DK,2022-08-14,2022-W32,110.230234578627,ERVISS
DK,2022-08-07,2022-W31,92.4470740501063,ERVISS
DK,2022-07-31,2022-W30,140.561376052399,ERVISS
DK,2022-07-24,2022-W29,135.02268695147,ERVISS
DK,2022-07-17,2022-W28,125.73573628296,ERVISS
DK,2022-07-10,2022-W27,121.025489312777,ERVISS
DK,2022-07-03,2022-W26,119.227655796033,ERVISS
DK,2022-06-26,2022-W25,104.800173761946,ERVISS
EE,2024-01-07,2024-W01,352.780615091457,ERVISS
EE,2023-12-31,2023-W52,306.429877342214,ERVISS
EE,2023-12-24,2023-W51,325.313511240054,ERVISS
EE,2023-12-17,2023-W50,395.697964859274,ERVISS
EE,2023-12-10,2023-W49,339.905410161112,ERVISS
EE,2023-12-03,2023-W48,345.05549213325,ERVISS
EE,2023-11-26,2023-W47,300.42144837472,ERVISS
EE,2023-11-19,2023-W46,309.004918328283,ERVISS
EE,2023-11-12,2023-W45,295.271366402582,ERVISS
EE,2023-11-05,2023-W44,220.59517780658,ERVISS
EE,2023-10-29,2023-W43,194.84476794589,ERVISS
EE,2023-10-22,2023-W42,145.060642215222,ERVISS
EE,2023-10-15,2023-W41,198.278155927315,ERVISS
EE,2023-10-08,2023-W40,170.811052075912,ERVISS
EE,2023-10-01,2023-W39,188.934562259045,ERVISS
EE,2023-09-24,2023-W38,193.189845192807,ERVISS
EE,2023-09-17,2023-W37,185.530335912035,ERVISS
EE,2023-09-10,2023-W36,116.594752385086,ERVISS
EE,2023-09-03,2023-W35,108.935243104314,ERVISS
EE,2023-08-27,2023-W34,51.0633952051472,ERVISS
EE,2023-08-20,2023-W33,53.6165649654045,ERVISS
EE,2023-08-13,2023-W32,37.4464898171079,ERVISS
EE,2023-08-06,2023-W31,44.2549425111276,ERVISS
EE,2023-07-23,2023-W29,63.829244006434,ERVISS
EE,2023-07-16,2023-W28,83.4035455017404,ERVISS
EE,2023-07-09,2023-W27,110.637356277819,ERVISS
EE,2023-07-02,2023-W26,102.977846997047,ERVISS
EE,2023-06-25,2023-W25,115.743695798334,ERVISS
EE,2023-06-18,2023-W24,127.658488012868,ERVISS
EE,2023-06-11,2023-W23,194.040901779559,ERVISS
EE,2023-06-04,2023-W22,104.679960170552,ERVISS
EE,2023-05-28,2023-W21,94.4672811295223,ERVISS
EE,2023-05-21,2023-W20,118.296865558591,ERVISS
EE,2023-05-14,2023-W19,187.23244908554,ERVISS
EE,2023-05-07,2023-W18,150.637015855184,ERVISS
EE,2023-04-30,2023-W17,205.955693994094,ERVISS
EE,2023-04-23,2023-W16,243.402183811202,ERVISS
EE,2023-04-16,2023-W15,268.933881413775,ERVISS
EE,2023-04-09,2023-W14,289.359239495834,ERVISS
EE,2023-04-02,2023-W13,296.167692189854,ERVISS
EE,2023-03-26,2023-W12,262.976485306508,ERVISS
EE,2023-03-19,2023-W11,285.103956562072,ERVISS
EE,2023-03-12,2023-W10,281.699730215062,ERVISS
EE,2023-03-05,2023-W09,316.593050271913,ERVISS
EE,2023-02-26,2023-W08,295.316635603101,ERVISS
EE,2023-02-19,2023-W07,30.5800747145609,ERVISS
EE,2023-02-12,2023-W06,307.231427817636,ERVISS
EE,2023-02-05,2023-W05,357.44376643603,ERVISS
EE,2023-01-29,2023-W04,369.358558650565,ERVISS
EE,2023-01-22,2023-W03,404.251878707415,ERVISS
EE,2023-01-15,2023-W02,404.251878707415,ERVISS
EE,2023-01-08,2023-W01,431.485689483494,ERVISS
EE,2023-01-01,2022-W52,469.783235887354,ERVISS
EE,2022-12-25,2022-W51,541.27198917456,ERVISS
EE,2022-12-18,2022-W50,493.612820316423,ERVISS
EE,2022-12-11,2022-W49,377.869124518089,ERVISS
EE,2022-12-04,2022-W48,337.869464940724,ERVISS
EE,2022-11-27,2022-W47,285.955013148824,ERVISS
EE,2022-11-20,2022-W46,255.316976025736,ERVISS
EE,2022-11-13,2022-W45,262.125428719756,ERVISS
EE,2022-11-06,2022-W44,257.870145785993,ERVISS
EE,2022-10-30,2022-W43,249.359579918469,ERVISS
EE,2022-10-23,2022-W42,262.125428719756,ERVISS
EE,2022-10-16,2022-W41,209.359920341103,ERVISS
EE,2022-10-09,2022-W40,254.465919438983,ERVISS
EE,2022-10-02,2022-W39,143.391035789364,ERVISS
EE,2022-09-25,2022-W38,86.2941527601152,ERVISS
EE,2022-09-18,2022-W37,77.2105577327347,ERVISS
EE,2022-09-11,2022-W36,83.6988398951494,ERVISS
EE,2022-09-04,2022-W35,91.484778490047,ERVISS
EE,2022-08-28,2022-W34,94.0800913550128,ERVISS
EE,2022-08-21,2022-W33,94.7289195712543,ERVISS
EE,2022-08-14,2022-W32,100.568373517428,ERVISS
EE,2022-08-07,2022-W31,105.758999247359,ERVISS
EE,2022-07-31,2022-W30,81.752355246425,ERVISS
EE,2022-07-24,2022-W29,77.2105577327347,ERVISS
EE,2022-07-17,2022-W28,80.454698813942,ERVISS
EE,2022-07-10,2022-W27,75.2640730840103,ERVISS
EE,2022-07-03,2022-W26,85.6453245438738,ERVISS
EE,2022-06-26,2022-W25,45.4179751369028,ERVISS
FI,2023-12-17,2023-W50,53.601281942743,ERVISS
FI,2023-12-10,2023-W49,25.4401286807963,ERVISS
FI,2023-12-03,2023-W48,12.6598912982261,ERVISS
FI,2023-11-26,2023-W47,7.78228322641049,ERVISS
FI,2023-10-29,2023-W43,3.93767585631421,ERVISS
FI,2023-10-22,2023-W42,3.4137769174370294,ERVISS
FI,2023-10-15,2023-W41,2.14968568524302,ERVISS
FI,2023-10-08,2023-W40,2.08779004368573,ERVISS
FI,2023-09-24,2023-W38,2.25599839208842,ERVISS
FI,2023-09-17,2023-W37,2.20635203369153,ERVISS
FI,2023-09-10,2023-W36,1.66567096557835,ERVISS
FI,2023-09-03,2023-W35,1.37387548291723,ERVISS
FI,2023-08-27,2023-W34,0.985131088110125,ERVISS
FI,2023-08-20,2023-W33,1.08007223523109,ERVISS
FI,2023-08-13,2023-W32,0.9191910429428821,ERVISS
FI,2023-08-06,2023-W31,0.8093672429153911,ERVISS
FI,2023-07-30,2023-W30,0.9999880001439981,ERVISS
FI,2023-07-23,2023-W29,1.14131339660238,ERVISS
FI,2023-07-16,2023-W28,0.9845394488548169,ERVISS
FI,2023-07-09,2023-W27,1.0537753983116,ERVISS
FI,2023-07-02,2023-W26,1.10829500479775,ERVISS
FI,2023-06-25,2023-W25,1.52314757837813,ERVISS
FI,2023-06-18,2023-W24,2.13698044662891,ERVISS
FI,2023-06-11,2023-W23,2.5086806050481494,ERVISS
FI,2023-06-04,2023-W22,2.7793990939159,ERVISS
FI,2023-05-28,2023-W21,3.9354631742014905,ERVISS
FI,2023-05-21,2023-W20,5.15486967495752,ERVISS
FI,2023-05-14,2023-W19,7.726277843573781,ERVISS
FI,2023-05-07,2023-W18,7.23744014636999,ERVISS
FI,2023-04-30,2023-W17,9.63031437569041,ERVISS
FI,2023-04-23,2023-W16,10.5822891972549,ERVISS
FI,2023-04-16,2023-W15,14.1665644184507,ERVISS
FI,2023-04-09,2023-W14,15.9604846984808,ERVISS
FI,2023-04-02,2023-W13,14.3696847899509,ERVISS
FI,2023-03-26,2023-W12,17.1744175224309,ERVISS
FI,2023-03-19,2023-W11,18.4037065782742,ERVISS
FI,2023-03-12,2023-W10,19.1976328484018,ERVISS
FI,2023-03-05,2023-W09,19.468703923618,ERVISS
FI,2023-02-26,2023-W08,24.2105321342303,ERVISS
FI,2023-02-19,2023-W07,27.3988023112695,ERVISS
FI,2023-02-12,2023-W06,28.847460421061495,ERVISS
FI,2023-02-05,2023-W05,34.1616313845407,ERVISS
FI,2023-01-29,2023-W04,39.2569107645283,ERVISS
FI,2023-01-22,2023-W03,46.0114538263062,ERVISS
FI,2023-01-15,2023-W02,66.1668168201707,ERVISS
FI,2023-01-08,2023-W01,107.261683098807,ERVISS
FI,2023-01-01,2022-W52,144.529725959762,ERVISS
FI,2022-12-25,2022-W51,93.6012870573362,ERVISS
FI,2022-12-18,2022-W50,43.4782400506416,ERVISS
FI,2022-12-11,2022-W49,21.9350600361485,ERVISS
FI,2022-12-04,2022-W48,6.18289861062645,ERVISS
FI,2022-11-27,2022-W47,4.10495398761688,ERVISS
FI,2022-11-20,2022-W46,3.99284127923536,ERVISS
FI,2022-11-13,2022-W45,2.40777967777298,ERVISS
FI,2022-11-06,2022-W44,1.46933025631089,ERVISS
FI,2022-10-30,2022-W43,1.87515132195411,ERVISS
FI,2022-10-23,2022-W42,1.56290972112481,ERVISS
FI,2022-10-16,2022-W41,1.20198152117318,ERVISS
FI,2022-10-09,2022-W40,1.25118794855768,ERVISS
FI,2022-10-02,2022-W39,1.99231477347381,ERVISS
FI,2022-09-25,2022-W38,1.62889127676176,ERVISS
FI,2022-09-18,2022-W37,1.23410320805129,ERVISS
FI,2022-09-11,2022-W36,1.48291477637645,ERVISS
FI,2022-09-04,2022-W35,1.35633884961367,ERVISS
FI,2022-08-28,2022-W34,0.8003181264552661,ERVISS
FI,2022-08-21,2022-W33,1.16808368760973,ERVISS
FI,2022-08-14,2022-W32,1.6123198434115,ERVISS
FI,2022-08-07,2022-W31,0.69114590262791,ERVISS
FI,2022-07-31,2022-W30,0.857681796377765,ERVISS
FI,2022-07-24,2022-W29,1.19604725267946,ERVISS
FI,2022-07-17,2022-W28,1.05380675291765,ERVISS
FI,2022-07-10,2022-W27,1.02092843231635,ERVISS
FI,2022-07-03,2022-W26,1.89755939360902,ERVISS
FI,2022-06-26,2022-W25,2.56519625242724,ERVISS
FR,2024-01-07,2024-W01,188.752650819201,ERVISS
FR,2023-12-31,2023-W52,176.663869971247,ERVISS
FR,2023-12-24,2023-W51,226.665809708236,ERVISS
FR,2023-12-17,2023-W50,225.471187713605,ERVISS
FR,2023-12-10,2023-W49,224.832735397597,ERVISS
FR,2023-12-03,2023-W48,189.256160996281,ERVISS
FR,2023-11-26,2023-W47,168.999394674064,ERVISS
FR,2023-11-19,2023-W46,127.771222086415,ERVISS
FR,2023-11-12,2023-W45,109.714754437983,ERVISS
FR,2023-11-05,2023-W44,76.1144870864562,ERVISS
FR,2023-10-29,2023-W43,68.5414369419237,ERVISS
FR,2023-10-22,2023-W42,86.6131421157981,ERVISS
FR,2023-10-15,2023-W41,88.9216272202179,ERVISS
FR,2023-10-08,2023-W40,104.977407778153,ERVISS
FR,2023-10-01,2023-W39,109.714754437983,ERVISS
FR,2023-09-24,2023-W38,96.32858833743572,ERVISS
FR,2023-09-17,2023-W37,74.7933936306595,ERVISS
FR,2023-09-10,2023-W36,58.2789635569285,ERVISS
FR,2023-09-03,2023-W35,48.2953368875166,ERVISS
FR,2023-08-27,2023-W34,40.6278140852455,ERVISS
FR,2023-08-20,2023-W33,29.1707187056198,ERVISS
FR,2023-08-13,2023-W32,22.3092609992154,ERVISS
FR,2023-08-06,2023-W31,23.292081390206,ERVISS
FR,2023-04-30,2023-W17,47.2012825608015,ERVISS
FR,2023-04-23,2023-W16,42.6650712368028,ERVISS
FR,2023-04-16,2023-W15,57.0477715012379,ERVISS
FR,2023-04-09,2023-W14,73.2315472728837,ERVISS
FR,2023-04-02,2023-W13,98.8290662624212,ERVISS
FR,2023-03-26,2023-W12,110.852997588479,ERVISS
FR,2023-03-19,2023-W11,113.729842391875,ERVISS
FR,2023-03-12,2023-W10,116.365934293291,ERVISS
FR,2023-03-05,2023-W09,94.5671303963734,ERVISS
FR,2023-02-26,2023-W08,116.400980601807,ERVISS
FR,2023-02-19,2023-W07,136.910689846356,ERVISS
FR,2023-02-12,2023-W06,148.364737720893,ERVISS
FR,2023-02-05,2023-W05,145.471131639512,ERVISS
FR,2023-01-29,2023-W04,114.130589310992,ERVISS
FR,2023-01-22,2023-W03,106.007464498013,ERVISS
FR,2023-01-15,2023-W02,119.248874106864,ERVISS
FR,2023-01-08,2023-W01,185.5519185614,ERVISS
FR,2023-01-01,2022-W52,238.168149371504,ERVISS
FR,2022-12-25,2022-W51,380.648104754314,ERVISS
FR,2022-12-18,2022-W50,358.917719511956,ERVISS
FR,2022-12-11,2022-W49,250.451274156141,ERVISS
FR,2022-12-04,2022-W48,186.540089625269,ERVISS
FR,2022-11-27,2022-W47,147.796051321051,ERVISS
FR,2022-11-20,2022-W46,103.830956856034,ERVISS
FR,2022-11-13,2022-W45,69.4495509163574,ERVISS
FR,2022-11-06,2022-W44,53.2115450703994,ERVISS
FR,2022-10-30,2022-W43,68.6263838117337,ERVISS
FR,2022-10-23,2022-W42,72.7544825319418,ERVISS
FR,2022-10-16,2022-W41,74.4728630240894,ERVISS
FR,2022-10-09,2022-W40,64.2698830457361,ERVISS
FR,2022-10-02,2022-W39,61.1657612824901,ERVISS
FR,2022-09-25,2022-W38,44.1183844286338,ERVISS
FR,2022-09-18,2022-W37,32.7963877158758,ERVISS
FR,2022-09-11,2022-W36,21.6445428627327,ERVISS
FR,2022-09-04,2022-W35,14.2299073225742,ERVISS
FR,2022-08-28,2022-W34,11.4936814720092,ERVISS
FR,2022-08-21,2022-W33,11.6285766399922,ERVISS
FR,2022-08-14,2022-W32,18.7350993532804,ERVISS
FR,2022-08-07,2022-W31,20.3216504767172,ERVISS
GR,2024-01-07,2024-W01,2205.81621945735,ERVISS
GR,2023-12-31,2023-W52,2272.23889149761,ERVISS
GR,2023-12-24,2023-W51,1079.00770409327,ERVISS
GR,2023-12-17,2023-W50,1191.11979212082,ERVISS
GR,2023-12-10,2023-W49,896.7348647375861,ERVISS
GR,2023-12-03,2023-W48,774.043166100428,ERVISS
GR,2023-11-26,2023-W47,740.297486749872,ERVISS
GR,2023-11-19,2023-W46,643.633414436334,ERVISS
GR,2023-11-12,2023-W45,653.537100436476,ERVISS
GR,2023-11-05,2023-W44,714.015285961052,ERVISS
GR,2023-10-29,2023-W43,666.003086764936,ERVISS
GR,2023-10-22,2023-W42,902.0269075216071,ERVISS
GR,2023-10-15,2023-W41,742.29502278778,ERVISS
GR,2023-10-08,2023-W40,704.860257355954,ERVISS
GR,2023-10-01,2023-W39,732.566510774168,ERVISS
GR,2023-09-24,2023-W38,589.266070767207,ERVISS
GR,2023-09-17,2023-W37,408.67322759529,ERVISS
GR,2023-09-10,2023-W36,251.292360712234,ERVISS
GR,2023-09-03,2023-W35,290.041676549317,ERVISS
GR,2023-08-27,2023-W34,335.861580459541,ERVISS
GR,2023-08-20,2023-W33,455.651176976387,ERVISS
GR,2023-08-13,2023-W32,459.782591840216,ERVISS
GR,2023-08-06,2023-W31,446.097200684947,ERVISS
GR,2023-07-30,2023-W30,426.412333156713,ERVISS
GR,2023-07-23,2023-W29,313.827829636321,ERVISS
GR,2023-07-16,2023-W28,298.844058856875,ERVISS
GR,2023-07-09,2023-W27,323.573460106346,ERVISS
GR,2023-07-02,2023-W26,330.423379061186,ERVISS
GR,2023-06-25,2023-W25,399.634034766697,ERVISS
GR,2023-06-18,2023-W24,403.446760081653,ERVISS
GR,2023-06-11,2023-W23,477.071486470599,ERVISS
GR,2023-06-04,2023-W22,414.148642917727,ERVISS
GR,2023-05-28,2023-W21,528.31851748342,ERVISS
GR,2023-05-21,2023-W20,697.257113560625,ERVISS
GR,2023-05-14,2023-W19,695.246617316088,ERVISS
GR,2023-05-07,2023-W18,539.262005500954,ERVISS
GR,2023-04-30,2023-W17,722.863674508783,ERVISS
GR,2023-04-23,2023-W16,737.41454139866,ERVISS
GR,2023-04-16,2023-W15,804.550336749238,ERVISS
GR,2023-04-09,2023-W14,796.340690529332,ERVISS
GR,2023-04-02,2023-W13,892.33646363289,ERVISS
GR,2023-03-26,2023-W12,849.5010158290729,ERVISS
GR,2023-03-19,2023-W11,880.782777211594,ERVISS
GR,2023-03-12,2023-W10,1023.14514384599,ERVISS
GR,2023-03-05,2023-W09,1099.83966914905,ERVISS
GR,2023-02-26,2023-W08,1294.87290209287,ERVISS
GR,2023-02-19,2023-W07,846.2296995431772,ERVISS
GR,2023-02-12,2023-W06,1087.90572886527,ERVISS
GR,2023-02-05,2023-W05,868.921619421212,ERVISS
GR,2023-01-29,2023-W04,1048.03337253026,ERVISS
GR,2023-01-22,2023-W03,1345.92881911978,ERVISS
GR,2023-01-15,2023-W02,1771.43554533004,ERVISS
GR,2023-01-08,2023-W01,2106.2930999127,ERVISS
GR,2023-01-01,2022-W52,2302.49954387885,ERVISS
GR,2022-12-25,2022-W51,1651.27553965139,ERVISS
GR,2022-12-18,2022-W50,1552.7091780317,ERVISS
GR,2022-12-11,2022-W49,1385.3721150616,ERVISS
GR,2022-12-04,2022-W48,1177.58801940208,ERVISS
GR,2022-11-27,2022-W47,967.104548908913,ERVISS
GR,2022-11-20,2022-W46,885.0692132396431,ERVISS
GR,2022-11-13,2022-W45,744.764458416162,ERVISS
GR,2022-11-06,2022-W44,554.546323740319,ERVISS
GR,2022-10-30,2022-W43,563.16343894336,ERVISS
GR,2022-10-23,2022-W42,444.334732164898,ERVISS
GR,2022-10-16,2022-W41,441.83324974325893,ERVISS
GR,2022-10-09,2022-W40,330.111602860526,ERVISS
GR,2022-10-02,2022-W39,249.050051944725,ERVISS
GR,2022-09-25,2022-W38,187.221666818141,ERVISS
GR,2022-09-18,2022-W37,127.082312591867,ERVISS
GR,2022-09-11,2022-W36,184.98685619706,ERVISS
GR,2022-09-04,2022-W35,143.592885451169,ERVISS
GR,2022-08-28,2022-W34,253.718822253596,ERVISS
GR,2022-08-21,2022-W33,228.42572179872,ERVISS
GR,2022-08-14,2022-W32,424.879849550742,ERVISS
GR,2022-08-07,2022-W31,352.281212306868,ERVISS
GR,2022-07-31,2022-W30,361.819434872502,ERVISS
GR,2022-07-24,2022-W29,417.44435747687,ERVISS
GR,2022-07-17,2022-W28,393.754707936725,ERVISS
GR,2022-07-10,2022-W27,202.89998515366,ERVISS
GR,2022-07-03,2022-W26,262.960805525506,ERVISS
GR,2022-06-26,2022-W25,247.905296333308,ERVISS
HU,2023-12-24,2023-W51,347.720240141118,ERVISS
HU,2023-12-17,2023-W50,414.624843554897,ERVISS
HU,2023-12-10,2023-W49,320.939062185025,ERVISS
HU,2023-12-03,2023-W48,298.605300062796,ERVISS
HU,2023-11-26,2023-W47,237.743381205897,ERVISS
HU,2023-11-19,2023-W46,195.29956487837,ERVISS
HU,2023-11-12,2023-W45,160.20365297201,ERVISS
HU,2023-11-05,2023-W44,110.750322558502,ERVISS
HU,2023-10-29,2023-W43,140.190281719622,ERVISS
HU,2023-10-22,2023-W42,153.049114456664,ERVISS
HU,2023-10-15,2023-W41,139.755208431527,ERVISS
HU,2023-10-08,2023-W40,120.70866670824,ERVISS
HU,2023-05-21,2023-W20,46.3718625627245,ERVISS
HU,2023-05-14,2023-W19,57.7222975414667,ERVISS
HU,2023-05-07,2023-W18,64.4646499433691,ERVISS
HU,2023-04-30,2023-W17,92.6467128606734,ERVISS
HU,2023-04-23,2023-W16,132.373235286271,ERVISS
HU,2023-04-16,2023-W15,156.820326009716,ERVISS
HU,2023-04-09,2023-W14,190.968643210718,ERVISS
HU,2023-04-02,2023-W13,306.267719896488,ERVISS
HU,2023-03-26,2023-W12,404.929193173247,ERVISS
HU,2023-03-19,2023-W11,453.241301031483,ERVISS
HU,2023-03-12,2023-W10,646.538238596815,ERVISS
HU,2023-03-05,2023-W09,674.962832176058,ERVISS
HU,2023-02-26,2023-W08,671.391833284703,ERVISS
HU,2023-02-19,2023-W07,555.44372197255,ERVISS
HU,2023-02-12,2023-W06,456.394199636689,ERVISS
HU,2023-02-05,2023-W05,390.765402516013,ERVISS
HU,2023-01-29,2023-W04,308.062446794836,ERVISS
HU,2023-01-22,2023-W03,244.858956293549,ERVISS
HU,2023-01-15,2023-W02,239.023294338797,ERVISS
HU,2023-01-08,2023-W01,195.401300507985,ERVISS
HU,2023-01-01,2022-W52,132.515756565013,ERVISS
HU,2022-12-25,2022-W51,183.076510259903,ERVISS
HU,2022-12-18,2022-W50,249.649786718049,ERVISS
HU,2022-12-11,2022-W49,207.386431182302,ERVISS
HU,2022-12-04,2022-W48,201.369604447017,ERVISS
HU,2022-11-27,2022-W47,167.695027958876,ERVISS
HU,2022-11-20,2022-W46,166.092806235734,ERVISS
HU,2022-11-13,2022-W45,150.517056658851,ERVISS
HU,2022-11-06,2022-W44,117.424654131019,ERVISS
HU,2022-10-30,2022-W43,134.795739328913,ERVISS
HU,2022-10-23,2022-W42,140.084701023244,ERVISS
HU,2022-10-16,2022-W41,148.236495194323,ERVISS
HU,2022-10-09,2022-W40,154.835566666149,ERVISS
IS,2023-12-31,2023-W52,6.44732023581718,ERVISS
IS,2023-12-24,2023-W51,8.51046271127868,ERVISS
IS,2023-12-17,2023-W50,8.76835552071137,ERVISS
IS,2023-12-10,2023-W49,5.15785618865375,ERVISS
IS,2023-12-03,2023-W48,5.67364180751912,ERVISS
IS,2023-11-26,2023-W47,3.35260652262494,ERVISS
IS,2023-11-19,2023-W46,2.0631424754615,ERVISS
IS,2023-11-12,2023-W45,1.28946404716344,ERVISS
IS,2023-11-05,2023-W44,2.0631424754615,ERVISS
IS,2023-10-29,2023-W43,0.0,ERVISS
IS,2023-10-22,2023-W42,0.7736784282980619,ERVISS
IS,2023-10-15,2023-W41,0.257892809432687,ERVISS
IS,2023-10-08,2023-W40,1.03157123773075,ERVISS
IS,2023-10-01,2023-W39,0.515785618865375,ERVISS
IS,2023-09-24,2023-W38,0.257892809432687,ERVISS
IS,2023-09-17,2023-W37,0.257892809432687,ERVISS
IS,2023-09-10,2023-W36,0.515785618865375,ERVISS
IS,2023-09-03,2023-W35,0.515785618865375,ERVISS
IS,2023-08-27,2023-W34,0.257892809432687,ERVISS
IS,2023-08-20,2023-W33,0.0,ERVISS
IS,2023-08-13,2023-W32,0.7736784282980619,ERVISS
IS,2023-08-06,2023-W31,0.257892809432687,ERVISS
IS,2023-07-30,2023-W30,0.7736784282980619,ERVISS
IS,2023-07-23,2023-W29,0.515785618865375,ERVISS
IS,2023-07-16,2023-W28,0.0,ERVISS
IS,2023-07-09,2023-W27,0.257892809432687,ERVISS
IS,2023-07-02,2023-W26,0.515785618865375,ERVISS
IS,2023-06-25,2023-W25,0.515785618865375,ERVISS
IS,2023-06-18,2023-W24,0.515785618865375,ERVISS
IS,2023-06-11,2023-W23,1.03157123773075,ERVISS
IS,2023-06-04,2023-W22,0.257892809432687,ERVISS
IS,2023-05-28,2023-W21,1.80524966602881,ERVISS
IS,2023-05-21,2023-W20,1.03157123773075,ERVISS
IS,2023-05-14,2023-W19,0.7736784282980619,ERVISS
IS,2023-05-07,2023-W18,1.28946404716344,ERVISS
IS,2023-04-30,2023-W17,1.28946404716344,ERVISS
IS,2023-04-23,2023-W16,0.515785618865375,ERVISS
IS,2023-04-16,2023-W15,3.86839214149031,ERVISS
IS,2023-04-09,2023-W14,4.38417776035569,ERVISS
IS,2023-04-02,2023-W13,11.0893908056056,ERVISS
IS,2023-03-26,2023-W12,14.1841045187978,ERVISS
IS,2023-03-19,2023-W11,13.4104260904997,ERVISS
IS,2023-03-12,2023-W10,7.441900023388831,ERVISS
IS,2023-03-05,2023-W09,11.6944143224682,ERVISS
IS,2023-02-26,2023-W08,12.757542897238,ERVISS
IS,2023-02-19,2023-W07,8.50502859815866,ERVISS
IS,2023-02-12,2023-W06,10.3655036040059,ERVISS
IS,2023-02-05,2023-W05,9.03659288554358,ERVISS
IS,2023-01-29,2023-W04,6.378771448619,ERVISS
IS,2023-01-22,2023-W03,10.3655036040059,ERVISS
IS,2023-01-15,2023-W02,10.3655036040059,ERVISS
IS,2023-01-08,2023-W01,14.6180179030852,ERVISS
IS,2023-01-01,2022-W52,23.3888286449363,ERVISS
IS,2022-12-25,2022-W51,22.5914822138589,ERVISS
IS,2022-12-18,2022-W50,23.123046501243895,ERVISS
IS,2022-12-11,2022-W49,11.6944143224682,ERVISS
IS,2022-12-04,2022-W48,10.3655036040059,ERVISS
IS,2022-11-27,2022-W47,10.3655036040059,ERVISS
IS,2022-11-13,2022-W45,3.98673215538687,ERVISS
IS,2022-11-06,2022-W44,3.1893857243095,ERVISS
IS,2022-10-30,2022-W43,3.1893857243095,ERVISS
IS,2022-10-23,2022-W42,0.265782143692458,ERVISS
IS,2022-10-16,2022-W41,0.265782143692458,ERVISS
IS,2022-10-09,2022-W40,0.265782143692458,ERVISS
IE,2024-01-07,2024-W01,14.7232411438435,ERVISS
IE,2023-12-31,2023-W52,9.46486170093528,ERVISS
IE,2023-12-24,2023-W51,14.1643931789209,ERVISS
IE,2023-12-17,2023-W50,9.73032227073698,ERVISS
IE,2023-12-10,2023-W49,9.85349090707542,ERVISS
IE,2023-12-03,2023-W48,4.826224963958,ERVISS
IE,2023-11-26,2023-W47,5.444971754209021,ERVISS
IE,2023-11-19,2023-W46,6.71506487498788,ERVISS
IE,2023-11-12,2023-W45,5.76527798666466,ERVISS
IE,2023-11-05,2023-W44,4.98945976624381,ERVISS
IE,2023-10-29,2023-W43,4.4028646295241,ERVISS
IE,2023-10-22,2023-W42,3.74209482468286,ERVISS
IE,2023-10-15,2023-W41,5.31775437416214,ERVISS
IE,2023-10-08,2023-W40,5.31775437416214,ERVISS
IE,2023-09-24,2023-W38,12.6642629398969,ERVISS
IE,2023-09-17,2023-W37,7.0770881134718,ERVISS
IE,2023-09-10,2023-W36,4.46973986114008,ERVISS
IE,2023-09-03,2023-W35,4.09726153937841,ERVISS
IE,2023-08-27,2023-W34,5.5871748264251,ERVISS
IE,2023-08-20,2023-W33,9.41070185014398,ERVISS
IE,2023-08-13,2023-W32,3.7952759165591305,ERVISS
IE,2023-08-06,2023-W31,5.00475451679095,ERVISS
IE,2023-07-30,2023-W30,2.81517441569491,ERVISS
IE,2023-07-23,2023-W29,4.69195735949152,ERVISS
IE,2023-07-16,2023-W28,3.7535658875932105,ERVISS
IE,2023-07-09,2023-W27,2.50237725839548,ERVISS
IE,2023-07-02,2023-W26,1.5518504264485,ERVISS
IE,2023-06-25,2023-W25,1.59531869681606,ERVISS
IE,2023-06-18,2023-W24,1.2414803411588,ERVISS
IE,2023-06-11,2023-W23,0.620740170579399,ERVISS
IE,2023-06-04,2023-W22,3.81187143828262,ERVISS
IE,2023-05-28,2023-W21,2.60589714523968,ERVISS
IE,2023-05-21,2023-W20,3.4140709381866894,ERVISS
IE,2023-05-14,2023-W19,5.97817964429831,ERVISS
IE,2023-05-07,2023-W18,3.4140709381866894,ERVISS
IE,2023-04-30,2023-W17,4.37438485213017,ERVISS
IE,2023-04-23,2023-W16,7.523510971786829,ERVISS
IE,2023-04-16,2023-W15,4.07463477167941,ERVISS
IE,2023-04-09,2023-W14,7.44888204695279,ERVISS
IE,2023-04-02,2023-W13,10.9701705391369,ERVISS
IE,2023-03-26,2023-W12,11.1191052390608,ERVISS
IE,2023-03-19,2023-W11,10.7510767366247,ERVISS
IE,2023-03-12,2023-W10,12.414803411588,ERVISS
IE,2023-03-05,2023-W09,12.414803411588,ERVISS
IE,2023-02-26,2023-W08,12.7106795129268,ERVISS
IE,2023-02-19,2023-W07,15.2479701139786,ERVISS
IE,2023-02-12,2023-W06,14.7131260275199,ERVISS
IE,2023-02-05,2023-W05,20.648292862679295,ERVISS
IE,2023-01-29,2023-W04,29.2877225866917,ERVISS
IE,2023-01-22,2023-W03,32.4019364922045,ERVISS
IE,2023-01-15,2023-W02,60.7170618279839,ERVISS
IE,2023-01-08,2023-W01,99.4466011398364,ERVISS
IE,2023-01-01,2022-W52,88.6324761166547,ERVISS
IE,2022-12-25,2022-W51,116.198442877542,ERVISS
IE,2022-12-18,2022-W50,62.9707139187208,ERVISS
IE,2022-12-11,2022-W49,38.9390979946365,ERVISS
IE,2022-12-04,2022-W48,27.8917671197743,ERVISS
IE,2022-11-27,2022-W47,21.3536989002845,ERVISS
IE,2022-11-20,2022-W46,22.0362760555687,ERVISS
IE,2022-11-13,2022-W45,20.8262991981875,ERVISS
IE,2022-11-06,2022-W44,10.1191530268916,ERVISS
IE,2022-10-30,2022-W43,13.6562837527468,ERVISS
IE,2022-10-23,2022-W42,11.2650307696269,ERVISS
IE,2022-10-16,2022-W41,9.65972828119157,ERVISS
IE,2022-10-09,2022-W40,14.5873940086159,ERVISS
IE,2022-10-02,2022-W39,8.66406975615842,ERVISS
IE,2022-09-25,2022-W38,10.8924041292753,ERVISS
IE,2022-09-18,2022-W37,6.78439859698637,ERVISS
IE,2022-09-11,2022-W36,2.9625435740784,ERVISS
IE,2022-09-04,2022-W35,4.21808927585952,ERVISS
IE,2022-08-28,2022-W34,2.02027684527036,ERVISS
IE,2022-08-21,2022-W33,6.56084031242722,ERVISS
IE,2022-08-14,2022-W32,4.36827956989247,ERVISS
IE,2022-08-07,2022-W31,4.56042398913316,ERVISS
IE,2022-07-31,2022-W30,8.04533708353313,ERVISS
IE,2022-07-24,2022-W29,10.6198449502637,ERVISS
IE,2022-07-17,2022-W28,20.3742754398297,ERVISS
IE,2022-07-10,2022-W27,11.907098883629,ERVISS
IE,2022-07-03,2022-W26,12.2289123669704,ERVISS
IE,2022-06-26,2022-W25,12.2289123669704,ERVISS
IT,2024-01-07,2024-W01,1630.95378916179,ERVISS
IT,2023-12-31,2023-W52,1816.45343957409,ERVISS
IT,2023-12-24,2023-W51,1812.06016643773,ERVISS
IT,2023-12-17,2023-W50,1560.36530405156,ERVISS
IT,2023-12-10,2023-W49,1233.3874149382,ERVISS
IT,2023-12-03,2023-W48,1136.79432889596,ERVISS
IT,2023-11-26,2023-W47,963.75337245751,ERVISS
IT,2023-11-19,2023-W46,810.0517718257252,ERVISS
IT,2023-11-12,2023-W45,678.554718965093,ERVISS
IT,2023-11-05,2023-W44,546.109825188581,ERVISS
IT,2023-10-29,2023-W43,512.570100770787,ERVISS
IT,2023-10-22,2023-W42,489.440700999617,ERVISS
IT,2023-04-30,2023-W17,335.078175784324,ERVISS
IT,2023-04-23,2023-W16,407.896842228244,ERVISS
IT,2023-04-16,2023-W15,445.277740935891,ERVISS
IT,2023-04-09,2023-W14,462.066160030022,ERVISS
IT,2023-04-02,2023-W13,516.146855196987,ERVISS
IT,2023-03-26,2023-W12,571.293728458219,ERVISS
IT,2023-03-19,2023-W11,602.870870759591,ERVISS
IT,2023-03-12,2023-W10,690.907799693767,ERVISS
IT,2023-03-05,2023-W09,748.2147941099581,ERVISS
IT,2023-02-26,2023-W08,809.730792636185,ERVISS
IT,2023-02-19,2023-W07,807.2558642217,ERVISS
IT,2023-02-12,2023-W06,824.8488561141219,ERVISS
IT,2023-02-05,2023-W05,853.868712488952,ERVISS
IT,2023-01-29,2023-W04,877.772762031244,ERVISS
IT,2023-01-22,2023-W03,925.5153842399,ERVISS
IT,2023-01-15,2023-W02,1029.99625840975,ERVISS
IT,2023-01-08,2023-W01,1074.41203997614,ERVISS
IT,2023-01-01,2022-W52,1233.08917325535,ERVISS
IT,2022-12-25,2022-W51,1402.57025494636,ERVISS
IT,2022-12-18,2022-W50,1533.07020898374,ERVISS
IT,2022-12-11,2022-W49,1563.14977975819,ERVISS
IT,2022-12-04,2022-W48,1571.71629606553,ERVISS
IT,2022-11-27,2022-W47,1303.92546727959,ERVISS
IT,2022-11-20,2022-W46,967.369879937743,ERVISS
IT,2022-11-13,2022-W45,698.730545268315,ERVISS
IT,2022-11-06,2022-W44,520.119873667003,ERVISS
IT,2022-10-30,2022-W43,453.62886333041,ERVISS
IT,2022-10-23,2022-W42,439.591888348319,ERVISS
LV,2023-12-17,2023-W50,43.0047860165083,ERVISS
LV,2023-12-10,2023-W49,21.1951222958556,ERVISS
LV,2023-12-03,2023-W48,18.3691059897416,ERVISS
LV,2023-11-26,2023-W47,23.5832697509884,ERVISS
LV,2023-11-19,2023-W46,26.3577720746341,ERVISS
LV,2023-11-12,2023-W45,23.4605724379675,ERVISS
LV,2023-11-05,2023-W44,15.2597627800513,ERVISS
LV,2023-10-29,2023-W43,11.2687166340343,ERVISS
LV,2023-10-22,2023-W42,8.59808262757405,ERVISS
LV,2023-10-15,2023-W41,11.2874779541446,ERVISS
LV,2023-10-08,2023-W40,6.63094796032041,ERVISS
LV,2023-05-21,2023-W20,0.0,ERVISS
LV,2023-05-07,2023-W18,0.0,ERVISS
LV,2023-04-30,2023-W17,40.2353071757589,ERVISS
LV,2023-04-23,2023-W16,15.1427548800969,ERVISS
LV,2023-04-16,2023-W15,26.1556675201674,ERVISS
LV,2023-04-09,2023-W14,28.4212022168538,ERVISS
LV,2023-04-02,2023-W13,39.1780710879345,ERVISS
LV,2023-03-26,2023-W12,41.8800070250334,ERVISS
LV,2023-03-19,2023-W11,79.0831899661468,ERVISS
LV,2023-03-12,2023-W10,78.356142175869,ERVISS
LV,2023-03-05,2023-W09,83.8880026404093,ERVISS
LV,2023-02-26,2023-W08,116.183245295254,ERVISS
LV,2023-02-19,2023-W07,199.943259345321,ERVISS
LV,2023-02-12,2023-W06,205.347131219519,ERVISS
LV,2023-02-05,2023-W05,375.028160241714,ERVISS
LV,2023-01-29,2023-W04,429.360861902175,ERVISS
LV,2023-01-22,2023-W03,502.858996715195,ERVISS
LV,2023-01-15,2023-W02,417.205959298323,ERVISS
LV,2023-01-08,2023-W01,744.75556910192,ERVISS
LV,2023-01-01,2022-W52,766.52079376875,ERVISS
LV,2022-12-25,2022-W51,607.943982304488,ERVISS
LV,2022-12-18,2022-W50,225.281933714104,ERVISS
LV,2022-12-11,2022-W49,106.749543949733,ERVISS
LV,2022-12-04,2022-W48,70.2349558049853,ERVISS
LV,2022-11-27,2022-W47,58.3082651965916,ERVISS
LV,2022-11-20,2022-W46,34.451870736581,ERVISS
LV,2022-11-13,2022-W45,5.39942226181799,ERVISS
LV,2022-11-06,2022-W44,9.27631491763958,ERVISS
LV,2022-10-30,2022-W43,10.6015027630167,ERVISS
LV,2022-10-23,2022-W42,4.05531448963867,ERVISS
LV,2022-10-16,2022-W41,5.4070859861849,ERVISS
LV,2022-10-09,2022-W40,1.35177149654622,ERVISS
LT,2024-01-07,2024-W01,27.3336975493118,ERVISS
LT,2023-12-31,2023-W52,30.3785524619752,ERVISS
LT,2023-12-24,2023-W51,46.2677953395521,ERVISS
LT,2023-12-17,2023-W50,33.9483823595806,ERVISS
LT,2023-12-10,2023-W49,19.9840477601242,ERVISS
LT,2023-12-03,2023-W48,11.1994663454286,ERVISS
LT,2023-11-26,2023-W47,8.25960642975362,ERVISS
LT,2023-11-19,2023-W46,5.9147181636795,ERVISS
LT,2023-11-12,2023-W45,3.42983656828752,ERVISS
LT,2023-11-05,2023-W44,2.55487826005091,ERVISS
LT,2023-10-29,2023-W43,2.97485824800448,ERVISS
LT,2023-10-22,2023-W42,2.6598732570393,ERVISS
LT,2023-10-15,2023-W41,2.34488826607412,ERVISS
LT,2023-10-08,2023-W40,1.11994663454286,ERVISS
LT,2023-10-01,2023-W39,1.74330012405893,ERVISS
LT,2023-09-24,2023-W38,1.95676544537227,ERVISS
LT,2023-09-17,2023-W37,1.03174905301447,ERVISS
LT,2023-09-10,2023-W36,0.747128624596684,ERVISS
LT,2023-09-03,2023-W35,0.675973517492238,ERVISS
LT,2023-08-27,2023-W34,0.604818410387792,ERVISS
LT,2023-08-20,2023-W33,0.426930642626677,ERVISS
LT,2023-08-13,2023-W32,0.533663303283346,ERVISS
LT,2023-08-06,2023-W31,0.81828373170113,ERVISS
LT,2023-07-30,2023-W30,0.533663303283346,ERVISS
LT,2023-07-16,2023-W28,0.498085749731123,ERVISS
LT,2023-07-09,2023-W27,0.640395963940015,ERVISS
LT,2023-07-02,2023-W26,0.81828373170113,ERVISS
LT,2023-06-25,2023-W25,1.06732660656669,ERVISS
LT,2023-06-18,2023-W24,1.03174905301447,ERVISS
LT,2023-06-11,2023-W23,1.3875245885367,ERVISS
LT,2023-06-04,2023-W22,1.99234299892449,ERVISS
LT,2023-05-28,2023-W21,0.8538612852533529,ERVISS
LT,2023-05-21,2023-W20,1.74330012405893,ERVISS
LT,2023-05-14,2023-W19,2.41927364155117,ERVISS
LT,2023-05-07,2023-W18,3.2375573732523,ERVISS
LT,2023-04-30,2023-W17,6.72415762137016,ERVISS
LT,2023-04-23,2023-W16,12.3098335290692,ERVISS
LT,2023-04-16,2023-W15,24.3706241832728,ERVISS
LT,2023-04-09,2023-W14,42.266133620041,ERVISS
LT,2023-04-02,2023-W13,58.7741184682725,ERVISS
LT,2023-03-26,2023-W12,79.3379444214574,ERVISS
LT,2023-03-19,2023-W11,77.0254034405629,ERVISS
LT,2023-03-12,2023-W10,40.9141865850565,ERVISS
LT,2023-03-05,2023-W09,37.961249640222,ERVISS
LT,2023-02-26,2023-W08,33.4784778926419,ERVISS
LT,2023-02-19,2023-W07,37.3564312298342,ERVISS
LT,2023-02-12,2023-W06,38.1747149615353,ERVISS
LT,2023-02-05,2023-W05,28.390887734674,ERVISS
LT,2023-01-29,2023-W04,34.4746493921041,ERVISS
LT,2023-01-22,2023-W03,52.476891489529,ERVISS
LT,2023-01-15,2023-W02,93.78243116366,ERVISS
LT,2023-01-08,2023-W01,195.89000985854,ERVISS
LT,2023-01-01,2022-W52,285.296401935277,ERVISS
LT,2022-12-25,2022-W51,334.535736051553,ERVISS
LT,2022-12-18,2022-W50,239.548160018314,ERVISS
LT,2022-12-11,2022-W49,121.58043839066,ERVISS
LT,2022-12-04,2022-W48,35.5906255365421,ERVISS
LT,2022-11-27,2022-W47,9.90814399359011,ERVISS
LT,2022-11-20,2022-W46,4.14925885652149,ERVISS
LT,2022-11-13,2022-W45,1.3592399702398,ERVISS
LT,2022-11-06,2022-W44,1.18039260573456,ERVISS
LT,2022-10-30,2022-W43,1.03731471413037,ERVISS
LT,2022-10-23,2022-W42,0.930006295427231,ERVISS
LT,2022-10-16,2022-W41,0.822697876724089,ERVISS
LT,2022-10-09,2022-W40,0.8942368225261831,ERVISS
LT,2022-10-02,2022-W39,0.64401614190681,ERVISS
LT,2022-09-25,2022-W38,0.107336023651135,ERVISS
LT,2022-09-18,2022-W37,0.250450721852648,ERVISS
LT,2022-09-11,2022-W36,0.21467204730227,ERVISS
LT,2022-09-04,2022-W35,0.21467204730227,ERVISS
LT,2022-08-28,2022-W34,0.0,ERVISS
LT,2022-08-21,2022-W33,0.0715573491007567,ERVISS
LT,2022-08-14,2022-W32,0.0715573491007567,ERVISS
LT,2022-08-07,2022-W31,0.0715573491007567,ERVISS
LT,2022-07-31,2022-W30,0.0357786745503783,ERVISS
LT,2022-07-24,2022-W29,0.0357786745503783,ERVISS
LT,2022-07-17,2022-W28,0.286229396403027,ERVISS
LT,2022-07-10,2022-W27,0.0,ERVISS
LT,2022-07-03,2022-W26,0.250450721852648,ERVISS
LT,2022-06-26,2022-W25,0.107336023651135,ERVISS
NL,2024-01-07,2024-W01,43.7903191353014,ERVISS
NL,2023-12-31,2023-W52,27.4968318867609,ERVISS
NL,2023-12-24,2023-W51,49.4586049140657,ERVISS
NL,2023-12-17,2023-W50,60.3073954097457,ERVISS
NL,2023-12-10,2023-W49,49.1074505479358,ERVISS
NL,2023-12-03,2023-W48,37.9075056861259,ERVISS
NL,2023-11-26,2023-W47,45.873897752179,ERVISS
NL,2023-11-19,2023-W46,44.1497559722579,ERVISS
NL,2023-11-12,2023-W45,33.3770015770633,ERVISS
NL,2023-11-05,2023-W44,35.304936122697,ERVISS
NL,2023-10-29,2023-W43,19.7050806266216,ERVISS
NL,2023-10-22,2023-W42,27.9155308877139,ERVISS
NL,2023-10-15,2023-W41,21.34717067884,ERVISS
NL,2023-10-08,2023-W40,19.7050806266216,ERVISS
NL,2023-10-01,2023-W39,19.7050806266216,ERVISS
NL,2023-09-24,2023-W38,15.9730979403111,ERVISS
NL,2023-09-17,2023-W37,13.1367204177477,ERVISS
NL,2023-09-10,2023-W36,16.4209005221846,ERVISS
NL,2023-09-03,2023-W35,9.87583383460672,ERVISS
NL,2023-08-27,2023-W34,10.7736369104801,ERVISS
NL,2023-08-20,2023-W33,6.81465833006798,ERVISS
NL,2023-08-13,2023-W32,5.94202283434489,ERVISS
NL,2023-08-06,2023-W31,7.80924614743857,ERVISS
NL,2023-07-30,2023-W30,6.69753112258994,ERVISS
NL,2023-07-23,2023-W29,3.48004628461559,ERVISS
NL,2023-07-16,2023-W28,2.7863949621979094,ERVISS
NL,2023-07-09,2023-W27,9.24393051925679,ERVISS
NL,2023-07-02,2023-W26,5.30241436600799,ERVISS
NL,2023-06-25,2023-W25,3.56163407771486,ERVISS
NL,2023-06-18,2023-W24,8.71095315249395,ERVISS
NL,2023-06-11,2023-W23,9.66398330063686,ERVISS
NL,2023-06-04,2023-W22,5.22657189149637,ERVISS
NL,2023-05-28,2023-W21,7.70145728686217,ERVISS
NL,2023-05-21,2023-W20,10.0288100361037,ERVISS
NL,2023-05-14,2023-W19,10.4149489233547,ERVISS
NL,2023-05-07,2023-W18,8.69758497057317,ERVISS
NL,2023-04-30,2023-W17,8.79188509006187,ERVISS
NL,2023-04-23,2023-W16,12.8009362970549,ERVISS
NL,2023-04-16,2023-W15,10.5337078651685,ERVISS
NL,2023-04-09,2023-W14,15.624138374722,ERVISS
NL,2023-04-02,2023-W13,15.1471800999714,ERVISS
NL,2023-03-26,2023-W12,14.7160266727983,ERVISS
NL,2023-03-19,2023-W11,32.410825215622,ERVISS
NL,2023-03-12,2023-W10,36.9123287177917,ERVISS
NL,2023-03-05,2023-W09,25.0747765658302,ERVISS
NL,2023-02-26,2023-W08,39.6006778162529,ERVISS
NL,2023-02-19,2023-W07,48.348106365834,ERVISS
NL,2023-02-12,2023-W06,37.7885311807866,ERVISS
NL,2023-02-05,2023-W05,37.9091480189762,ERVISS
NL,2023-01-29,2023-W04,35.7429109893204,ERVISS
NL,2023-01-22,2023-W03,34.2465753424658,ERVISS
NL,2023-01-15,2023-W02,64.9871108896735,ERVISS
NL,2023-01-08,2023-W01,98.9292364990689,ERVISS
NL,2023-01-01,2022-W52,65.8684043379049,ERVISS
NL,2022-12-25,2022-W51,67.8410180831403,ERVISS
NL,2022-12-18,2022-W50,52.8760504030782,ERVISS
NL,2022-12-11,2022-W49,30.3964888348507,ERVISS
NL,2022-12-04,2022-W48,27.5246635472048,ERVISS
NL,2022-11-27,2022-W47,25.6919833455496,ERVISS
NL,2022-11-20,2022-W46,15.0983278601895,ERVISS
NL,2022-11-13,2022-W45,19.7648770229352,ERVISS
NL,2022-11-06,2022-W44,22.9593966548855,ERVISS
NL,2022-10-30,2022-W43,16.368316890615,ERVISS
NL,2022-10-23,2022-W42,15.9734424157401,ERVISS
NL,2022-10-16,2022-W41,16.3846012056336,ERVISS
NL,2022-10-09,2022-W40,17.067292922535,ERVISS
NL,2022-10-02,2022-W39,12.0001411781315,ERVISS
NL,2022-09-25,2022-W38,13.3739714360126,ERVISS
NL,2022-09-18,2022-W37,11.6057591873238,ERVISS
NL,2022-09-11,2022-W36,4.72063930943791,ERVISS
NL,2022-09-04,2022-W35,8.90801447209736,ERVISS
NL,2022-08-28,2022-W34,8.5089924579385,ERVISS
NL,2022-08-21,2022-W33,5.70990423674894,ERVISS
NL,2022-08-14,2022-W32,4.98674357333422,ERVISS
NL,2022-08-07,2022-W31,0.7953994098136379,ERVISS
NL,2022-07-31,2022-W30,3.68413684357892,ERVISS
NL,2022-07-24,2022-W29,18.2041596504801,ERVISS
NL,2022-07-17,2022-W28,7.83262549606628,ERVISS
NL,2022-07-10,2022-W27,8.68868443663536,ERVISS
NL,2022-07-03,2022-W26,4.45018023229941,ERVISS
NL,2022-06-26,2022-W25,16.9057194718297,ERVISS
NO,2023-12-31,2023-W52,35.1112460188377,ERVISS
NO,2023-12-24,2023-W51,71.772291494525,ERVISS
NO,2023-12-17,2023-W50,74.3411149231362,ERVISS
NO,2023-12-10,2023-W49,63.8092848471345,ERVISS
NO,2023-12-03,2023-W48,54.0899245825276,ERVISS
NO,2023-11-26,2023-W47,49.0496061939632,ERVISS
NO,2023-11-19,2023-W46,41.1576225973299,ERVISS
NO,2023-11-12,2023-W45,39.7054723981796,ERVISS
NO,2023-11-05,2023-W44,34.6706033462641,ERVISS
NO,2023-10-29,2023-W43,30.5011658765645,ERVISS
NO,2023-10-22,2023-W42,27.804290923182,ERVISS
NO,2023-10-15,2023-W41,24.2870578545152,ERVISS
NO,2023-10-08,2023-W40,21.6702108347813,ERVISS
NO,2023-10-01,2023-W39,23.1360568641505,ERVISS
NO,2023-09-24,2023-W38,22.5182370119939,ERVISS
NO,2023-09-17,2023-W37,20.254481222299095,ERVISS
NO,2023-09-10,2023-W36,21.6682226294619,ERVISS
NO,2023-09-03,2023-W35,19.3924176816089,ERVISS
NO,2023-08-27,2023-W34,15.9041996262513,ERVISS
NO,2023-08-20,2023-W33,11.6909007524209,ERVISS
NO,2023-08-13,2023-W32,10.8609665468461,ERVISS
NO,2023-08-06,2023-W31,9.35687651721315,ERVISS
NO,2023-07-30,2023-W30,9.42999410398249,ERVISS
NO,2023-07-23,2023-W29,8.38323049057141,ERVISS
NO,2023-07-16,2023-W28,7.79948455424783,ERVISS
NO,2023-07-09,2023-W27,9.32815327324027,ERVISS
NO,2023-07-02,2023-W26,10.4276812239138,ERVISS
NO,2023-06-25,2023-W25,12.1921054361237,ERVISS
NO,2023-06-18,2023-W24,14.1229873499806,ERVISS
NO,2023-06-11,2023-W23,17.1763905781772,ERVISS
NO,2023-06-04,2023-W22,16.5309558613599,ERVISS
NO,2023-05-28,2023-W21,25.6581565458758,ERVISS
NO,2023-05-21,2023-W20,15.5887273139371,ERVISS
NO,2023-05-14,2023-W19,31.9039446608593,ERVISS
NO,2023-05-07,2023-W18,26.185293684434505,ERVISS
NO,2023-04-30,2023-W17,31.9416655433738,ERVISS
NO,2023-04-23,2023-W16,37.7444610747025,ERVISS
NO,2023-04-16,2023-W15,42.9435017672903,ERVISS
NO,2023-04-09,2023-W14,25.1240246688818,ERVISS
NO,2023-04-02,2023-W13,67.1680893814182,ERVISS
NO,2023-03-26,2023-W12,70.8695699534149,ERVISS
NO,2023-03-19,2023-W11,65.1626555671397,ERVISS
NO,2023-03-12,2023-W10,61.1868458719424,ERVISS
NO,2023-03-05,2023-W09,61.4286502310755,ERVISS
NO,2023-02-26,2023-W08,65.3071356674556,ERVISS
NO,2023-02-19,2023-W07,77.4420949659626,ERVISS
NO,2023-02-12,2023-W06,82.4068819763494,ERVISS
NO,2023-02-05,2023-W05,86.0326077850386,ERVISS
NO,2023-01-29,2023-W04,88.6597651812907,ERVISS
NO,2023-01-22,2023-W03,95.4560449311871,ERVISS
NO,2023-01-15,2023-W02,132.047777835311,ERVISS
NO,2023-01-08,2023-W01,187.572464281306,ERVISS
NO,2023-01-01,2022-W52,102.297647463632,ERVISS
NO,2022-12-25,2022-W51,129.493338784967,ERVISS
NO,2022-12-18,2022-W50,98.4525447794991,ERVISS
NO,2022-12-11,2022-W49,64.9599671781218,ERVISS
NO,2022-12-04,2022-W48,44.8031002672257,ERVISS
NO,2022-11-27,2022-W47,39.1192029373456,ERVISS
NO,2022-11-20,2022-W46,32.6254275844181,ERVISS
NO,2022-11-13,2022-W45,30.7719568859934,ERVISS
NO,2022-11-06,2022-W44,26.9390024741525,ERVISS
NO,2022-10-30,2022-W43,24.4256682195429,ERVISS
NO,2022-10-23,2022-W42,21.0591938983927,ERVISS
NO,2022-10-16,2022-W41,17.0598590585285,ERVISS
NO,2022-10-09,2022-W40,16.2316080422207,ERVISS
NO,2022-10-02,2022-W39,16.3686150403405,ERVISS
NO,2022-09-25,2022-W38,15.3421956060986,ERVISS
NO,2022-09-18,2022-W37,15.0994932070441,ERVISS
NO,2022-09-11,2022-W36,15.2792089418845,ERVISS
NO,2022-09-04,2022-W35,13.9221979155443,ERVISS
NO,2022-08-28,2022-W34,11.522327335099,ERVISS
NO,2022-08-21,2022-W33,10.0159048181985,ERVISS
NO,2022-08-14,2022-W32,9.47972011686181,ERVISS
NO,2022-08-07,2022-W31,9.4985710097497,ERVISS
NO,2022-07-31,2022-W30,9.2809357086976,ERVISS
PL,2024-01-07,2024-W01,383.437022693561,ERVISS
PL,2023-12-31,2023-W52,323.477659521182,ERVISS
PL,2023-12-24,2023-W51,344.529090142325,ERVISS
PL,2023-12-17,2023-W50,504.685202909104,ERVISS
PL,2023-12-10,2023-W49,491.534768289096,ERVISS
PL,2023-12-03,2023-W48,786.560116947997,ERVISS
PL,2023-11-26,2023-W47,385.720720434951,ERVISS
PL,2023-11-19,2023-W46,355.312781585779,ERVISS
PL,2023-11-12,2023-W45,339.760889480271,ERVISS
PL,2023-11-05,2023-W44,301.918306037024,ERVISS
PL,2023-10-29,2023-W43,332.312257655453,ERVISS
PL,2023-10-22,2023-W42,316.904934878301,ERVISS
PL,2023-10-15,2023-W41,274.905340690497,ERVISS
PL,2023-10-08,2023-W40,219.782494137276,ERVISS
PL,2023-10-01,2023-W39,221.024692629424,ERVISS
PL,2023-09-24,2023-W38,204.831333149769,ERVISS
PL,2023-09-17,2023-W37,157.854347760907,ERVISS
PL,2023-09-10,2023-W36,110.660989089215,ERVISS
PL,2023-09-03,2023-W35,91.6728745833934,ERVISS
PL,2023-08-27,2023-W34,81.6222245657175,ERVISS
PL,2023-08-20,2023-W33,58.6035608639839,ERVISS
PL,2023-08-13,2023-W32,61.8788011263549,ERVISS
PL,2023-08-06,2023-W31,68.4646091558618,ERVISS
PL,2023-07-30,2023-W30,82.8362728645674,ERVISS
PL,2023-07-23,2023-W29,96.0688148310544,ERVISS
PL,2023-07-16,2023-W28,90.8557290805905,ERVISS
PL,2023-07-09,2023-W27,124.33369475591,ERVISS
PL,2023-07-02,2023-W26,137.868502754537,ERVISS
PL,2023-06-25,2023-W25,142.214157600682,ERVISS
PL,2023-06-18,2023-W24,163.945513376797,ERVISS
PL,2023-06-11,2023-W23,160.825869444992,ERVISS
PL,2023-06-04,2023-W22,180.058252748787,ERVISS
PL,2023-05-28,2023-W21,202.432372622037,ERVISS
PL,2023-05-21,2023-W20,181.045860437776,ERVISS
PL,2023-05-14,2023-W19,223.843554514735,ERVISS
PL,2023-05-07,2023-W18,142.047032645424,ERVISS
PL,2023-04-30,2023-W17,228.958638363048,ERVISS
PL,2023-04-23,2023-W16,254.23663444999,ERVISS
PL,2023-04-16,2023-W15,277.453349830976,ERVISS
PL,2023-04-09,2023-W14,310.727940253449,ERVISS
PL,2023-04-02,2023-W13,435.255294709708,ERVISS
PL,2023-03-26,2023-W12,451.504164154978,ERVISS
PL,2023-03-19,2023-W11,512.157318298072,ERVISS
PL,2023-03-12,2023-W10,500.12005851924494,ERVISS
PL,2023-03-05,2023-W09,489.365676705715,ERVISS
PL,2023-02-26,2023-W08,487.092299974096,ERVISS
PL,2023-02-19,2023-W07,411.668754599913,ERVISS
PL,2023-02-12,2023-W06,391.161933729126,ERVISS
PL,2023-02-05,2023-W05,400.019742074649,ERVISS
PL,2023-01-29,2023-W04,400.019742074649,ERVISS
PL,2023-01-22,2023-W03,459.499478117339,ERVISS
PL,2023-01-15,2023-W02,590.264239710215,ERVISS
PL,2023-01-08,2023-W01,740.196198413094,ERVISS
PL,2023-01-01,2022-W52,855.784222284133,ERVISS
PL,2022-12-25,2022-W51,884.19950865248,ERVISS
PL,2022-12-18,2022-W50,839.544715447155,ERVISS
PL,2022-12-11,2022-W49,661.59145242783,ERVISS
PL,2022-12-04,2022-W48,511.320743295887,ERVISS
PL,2022-11-27,2022-W47,454.57155350225906,ERVISS
PL,2022-11-20,2022-W46,360.816118617363,ERVISS
PL,2022-11-13,2022-W45,284.531697997345,ERVISS
PL,2022-11-06,2022-W44,298.418382572366,ERVISS
PL,2022-10-30,2022-W43,307.805570303819,ERVISS
PL,2022-10-23,2022-W42,312.518939801247,ERVISS
PL,2022-10-16,2022-W41,343.698339594009,ERVISS
PL,2022-10-09,2022-W40,302.070937126274,ERVISS
PL,2022-10-02,2022-W39,280.252649777507,ERVISS
PL,2022-09-25,2022-W38,252.800517230844,ERVISS
PL,2022-09-18,2022-W37,208.177591576153,ERVISS
PL,2022-09-11,2022-W36,132.167850093563,ERVISS
PL,2022-09-04,2022-W35,88.5572605743891,ERVISS
PL,2022-08-28,2022-W34,85.3747724290316,ERVISS
PL,2022-08-21,2022-W33,56.0187201799082,ERVISS
PL,2022-08-14,2022-W32,70.5301163596856,ERVISS
PL,2022-08-07,2022-W31,82.1259640983577,ERVISS
PL,2022-07-31,2022-W30,77.3294596332994,ERVISS
PL,2022-07-24,2022-W29,79.7128291607743,ERVISS
PL,2022-07-17,2022-W28,89.87061452559,ERVISS
PL,2022-07-10,2022-W27,101.550684101081,ERVISS
PL,2022-07-03,2022-W26,157.084480093312,ERVISS
PL,2022-06-26,2022-W25,182.14122997588,ERVISS
PT,2023-03-05,2023-W09,36.941263391208,ERVISS
PT,2023-02-26,2023-W08,31.0269934843314,ERVISS
PT,2023-02-19,2023-W07,33.2409972299169,ERVISS
PT,2023-02-05,2023-W05,21.8316777644362,ERVISS
PT,2023-01-29,2023-W04,49.7314501690869,ERVISS
PT,2023-01-22,2023-W03,30.508733124857,ERVISS
PT,2023-01-15,2023-W02,52.0833333333333,ERVISS
PT,2023-01-08,2023-W01,32.1957501609787,ERVISS
PT,2023-01-01,2022-W52,64.4676050284732,ERVISS
PT,2022-12-25,2022-W51,44.1208912420031,ERVISS
PT,2022-12-18,2022-W50,18.6636804777902,ERVISS
PT,2022-12-11,2022-W49,70.6214689265537,ERVISS
PT,2022-12-04,2022-W48,65.7030223390276,ERVISS
PT,2022-11-27,2022-W47,44.5665899130952,ERVISS
PT,2022-11-20,2022-W46,61.7236324357688,ERVISS
PT,2022-11-13,2022-W45,48.9284665818573,ERVISS
PT,2022-11-06,2022-W44,19.2468082376339,ERVISS
PT,2022-10-30,2022-W43,24.3368216110976,ERVISS
PT,2022-10-23,2022-W42,52.0426749934947,ERVISS
PT,2022-10-16,2022-W41,32.6882845188285,ERVISS
PT,2022-10-09,2022-W40,24.4259892525647,ERVISS
PT,2022-10-02,2022-W39,38.7596899224806,ERVISS
PT,2022-09-25,2022-W38,23.2396002788752,ERVISS
PT,2022-09-18,2022-W37,11.217679062202,ERVISS
PT,2022-09-11,2022-W36,29.0191526407429,ERVISS
PT,2022-09-04,2022-W35,0.0,ERVISS
PT,2022-08-28,2022-W34,7.38770685579196,ERVISS
PT,2022-08-21,2022-W33,19.0114068441065,ERVISS
PT,2022-08-14,2022-W32,12.2669283611384,ERVISS
PT,2022-08-07,2022-W31,7.39973360959005,ERVISS
PT,2022-07-31,2022-W30,0.0,ERVISS
PT,2022-07-24,2022-W29,0.0,ERVISS
PT,2022-07-17,2022-W28,0.0,ERVISS
PT,2022-07-10,2022-W27,16.5030117996534,ERVISS
PT,2022-07-03,2022-W26,36.4664053240952,ERVISS
PT,2022-06-26,2022-W25,0.0,ERVISS
RO,2024-01-07,2024-W01,8.62761075096162,ERVISS
RO,2023-12-31,2023-W52,1.46725813472364,ERVISS
RO,2023-12-24,2023-W51,3.43942315960152,ERVISS
RO,2023-12-17,2023-W50,0.709891150023663,ERVISS
RO,2023-12-10,2023-W49,1.63319777791777,ERVISS
RO,2023-12-03,2023-W48,0.236248003704369,ERVISS
RO,2023-11-26,2023-W47,0.952877810096217,ERVISS
RO,2023-11-19,2023-W46,0.707697388596636,ERVISS
RO,2023-11-12,2023-W45,0.714251702299891,ERVISS
RO,2023-11-05,2023-W44,0.71416668650463,ERVISS
RO,2023-10-29,2023-W43,0.471809389006841,ERVISS
RO,2023-10-22,2023-W42,0.0,ERVISS
RO,2023-10-15,2023-W41,0.0,ERVISS
RO,2023-10-08,2023-W40,0.0,ERVISS
RO,2023-10-01,2023-W39,8.46539347148856,ERVISS
RO,2023-09-24,2023-W38,0.0,ERVISS
RO,2023-09-17,2023-W37,0.0,ERVISS
RO,2023-09-03,2023-W35,0.0,ERVISS
RO,2023-08-20,2023-W33,0.0,ERVISS
RO,2023-08-13,2023-W32,0.0,ERVISS
RO,2023-08-06,2023-W31,0.0,ERVISS
RO,2023-07-30,2023-W30,0.0,ERVISS
RO,2023-07-23,2023-W29,0.0,ERVISS
RO,2023-07-16,2023-W28,0.0,ERVISS
RO,2023-07-09,2023-W27,0.241571567992734,ERVISS
RO,2023-06-25,2023-W25,0.0,ERVISS
RO,2023-06-18,2023-W24,0.0,ERVISS
RO,2023-06-04,2023-W22,0.0,ERVISS
RO,2023-05-28,2023-W21,0.245289822189408,ERVISS
RO,2023-05-21,2023-W20,0.48426267375950094,ERVISS
RO,2023-05-14,2023-W19,0.239448119973086,ERVISS
RO,2023-05-07,2023-W18,0.717342961669974,ERVISS
RO,2023-04-30,2023-W17,0.954772429991312,ERVISS
RO,2023-04-23,2023-W16,0.0,ERVISS
RO,2023-04-16,2023-W15,0.733594982210322,ERVISS
RO,2023-04-09,2023-W14,1.89428022087307,ERVISS
RO,2023-04-02,2023-W13,1.45302374240795,ERVISS
RO,2023-03-26,2023-W12,3.6456788983244506,ERVISS
RO,2023-03-19,2023-W11,5.01106012556285,ERVISS
RO,2023-03-12,2023-W10,5.37050060737805,ERVISS
RO,2023-03-05,2023-W09,5.44986245021077,ERVISS
RO,2023-02-26,2023-W08,4.60051767930518,ERVISS
RO,2023-02-19,2023-W07,7.64824016460987,ERVISS
RO,2023-02-12,2023-W06,6.74869545306644,ERVISS
RO,2023-02-05,2023-W05,9.97654295753399,ERVISS
RO,2023-01-29,2023-W04,8.70665115592887,ERVISS
RO,2023-01-22,2023-W03,18.5192501432155,ERVISS
RO,2023-01-15,2023-W02,18.6827904809969,ERVISS
RO,2023-01-08,2023-W01,8.0291189380152,ERVISS
RO,2023-01-01,2022-W52,1.74829104550302,ERVISS
RO,2022-12-25,2022-W51,1.48501618667643,ERVISS
RO,2022-12-18,2022-W50,6.09720406610345,ERVISS
RO,2022-12-11,2022-W49,0.0,ERVISS
RO,2022-12-04,2022-W48,0.0,ERVISS
RO,2022-11-27,2022-W47,0.482745470037196,ERVISS
RO,2022-11-20,2022-W46,0.49003153352918294,ERVISS
RO,2022-11-13,2022-W45,0.487483852097399,ERVISS
RO,2022-11-06,2022-W44,0.487556343229914,ERVISS
RO,2022-10-30,2022-W43,0.730261043981189,ERVISS
RO,2022-10-23,2022-W42,0.0,ERVISS
RO,2022-10-16,2022-W41,0.0,ERVISS
RO,2022-10-09,2022-W40,0.0,ERVISS
RO,2022-10-02,2022-W39,0.0,ERVISS
RO,2022-09-25,2022-W38,0.0,ERVISS
RO,2022-09-18,2022-W37,0.0,ERVISS
RO,2022-09-11,2022-W36,0.0,ERVISS
RO,2022-09-04,2022-W35,0.0,ERVISS
RO,2022-08-28,2022-W34,0.0,ERVISS
RO,2022-08-21,2022-W33,0.0,ERVISS
RO,2022-08-14,2022-W32,0.0,ERVISS
RO,2022-08-07,2022-W31,0.0,ERVISS
RO,2022-07-31,2022-W30,0.0,ERVISS
RO,2022-07-24,2022-W29,0.0,ERVISS
RO,2022-07-17,2022-W28,0.0,ERVISS
RO,2022-07-10,2022-W27,0.0,ERVISS
RO,2022-07-03,2022-W26,0.0,ERVISS
RO,2022-06-26,2022-W25,0.0,ERVISS
SK,2023-04-23,2023-W16,131.463591946327,ERVISS
SK,2023-04-16,2023-W15,149.188473787142,ERVISS
SK,2023-04-09,2023-W14,129.803400693535,ERVISS
SK,2023-04-02,2023-W13,210.065498757851,ERVISS
SK,2023-03-26,2023-W12,201.737100681566,ERVISS
SK,2023-03-19,2023-W11,217.291144221886,ERVISS
SK,2023-03-12,2023-W10,187.785589760286,ERVISS
SK,2023-03-05,2023-W09,199.487219469822,ERVISS
SK,2023-02-26,2023-W08,229.259154258027,ERVISS
SK,2023-02-19,2023-W07,238.895950494755,ERVISS
SK,2023-02-12,2023-W06,235.594608934581,ERVISS
SK,2023-02-05,2023-W05,216.895008692764,ERVISS
SK,2023-01-29,2023-W04,236.064734512103,ERVISS
SK,2023-01-22,2023-W03,236.350682268395,ERVISS
SK,2023-01-15,2023-W02,307.531300155711,ERVISS
SK,2023-01-08,2023-W01,380.38626098669494,ERVISS
SK,2023-01-01,2022-W52,427.613403965047,ERVISS
SK,2022-12-25,2022-W51,638.656883357484,ERVISS
SK,2022-12-18,2022-W50,630.077578729116,ERVISS
SK,2022-12-11,2022-W49,400.217788811177,ERVISS
SK,2022-12-04,2022-W48,162.708675506877,ERVISS
SK,2022-11-27,2022-W47,117.236412758529,ERVISS
SK,2022-11-20,2022-W46,109.896618515752,ERVISS
SK,2022-11-13,2022-W45,107.675567402828,ERVISS
SK,2022-11-06,2022-W44,98.4139373628121,ERVISS
SK,2022-10-30,2022-W43,148.814101424501,ERVISS
SK,2022-10-23,2022-W42,134.191675773329,ERVISS
SK,2022-10-16,2022-W41,120.852771121595,ERVISS
SK,2022-10-09,2022-W40,154.72858398272,ERVISS
SK,2022-10-02,2022-W39,128.678695096085,ERVISS
SK,2022-09-25,2022-W38,107.919202111623,ERVISS
SK,2022-09-18,2022-W37,59.9608681239362,ERVISS
SK,2022-09-11,2022-W36,47.7329315662614,ERVISS
SK,2022-09-04,2022-W35,36.2123019068519,ERVISS
SK,2022-08-28,2022-W34,35.0137594849067,ERVISS
SK,2022-08-21,2022-W33,45.2718674054802,ERVISS
SK,2022-08-14,2022-W32,48.5046482185311,ERVISS
SK,2022-08-07,2022-W31,49.2522356887731,ERVISS
SK,2022-07-31,2022-W30,52.5132944048034,ERVISS
SK,2022-07-24,2022-W29,50.8186206851742,ERVISS
SK,2022-07-17,2022-W28,60.2714476988858,ERVISS
SK,2022-07-10,2022-W27,42.2467103894843,ERVISS
SK,2022-07-03,2022-W26,47.7999759961893,ERVISS
SK,2022-06-26,2022-W25,53.422536480141,ERVISS
SI,2024-01-07,2024-W01,15.0313152400835,ERVISS
SI,2023-12-31,2023-W52,17.1893033420917,ERVISS
SI,2023-12-24,2023-W51,26.6130463067006,ERVISS
SI,2023-12-17,2023-W50,11.7388803455926,ERVISS
SI,2023-12-10,2023-W49,6.73733381243263,ERVISS
SI,2023-12-03,2023-W48,0.0,ERVISS
SI,2023-11-26,2023-W47,3.4955257270693494,ERVISS
SI,2023-11-19,2023-W46,3.35191785566642,ERVISS
SI,2023-11-12,2023-W45,2.30621987500288,ERVISS
SI,2023-11-05,2023-W44,4.38968716162828,ERVISS
SI,2023-10-29,2023-W43,2.43869724793016,ERVISS
SI,2023-10-22,2023-W42,1.05214427002231,ERVISS
SI,2023-10-15,2023-W41,2.2053634438955494,ERVISS
SI,2023-10-08,2023-W40,0.0,ERVISS
SI,2023-10-01,2023-W39,1.1421783625731,ERVISS
SI,2023-09-24,2023-W38,3.34608563748508,ERVISS
SI,2023-09-17,2023-W37,0.0,ERVISS
SI,2023-09-10,2023-W36,0.0,ERVISS
SI,2023-09-03,2023-W35,0.0,ERVISS
SI,2023-08-27,2023-W34,0.0,ERVISS
SI,2023-08-20,2023-W33,0.0,ERVISS
SI,2023-08-13,2023-W32,0.0,ERVISS
SI,2023-08-06,2023-W31,0.0,ERVISS
SI,2023-07-30,2023-W30,0.0,ERVISS
SI,2023-07-23,2023-W29,0.0,ERVISS
SI,2023-07-16,2023-W28,0.0,ERVISS
SI,2023-07-09,2023-W27,0.0,ERVISS
SI,2023-07-02,2023-W26,0.0,ERVISS
SI,2023-06-25,2023-W25,0.0,ERVISS
SI,2023-06-18,2023-W24,0.0,ERVISS
SI,2023-06-11,2023-W23,3.45614156355844,ERVISS
SI,2023-06-04,2023-W22,0.0,ERVISS
SI,2023-05-28,2023-W21,0.0,ERVISS
SI,2023-05-21,2023-W20,3.3701806416823894,ERVISS
SI,2023-05-14,2023-W19,4.24596898319658,ERVISS
SI,2023-05-07,2023-W18,5.81030515722686,ERVISS
SI,2023-04-30,2023-W17,11.0433174125507,ERVISS
SI,2023-04-23,2023-W16,26.2690450576668,ERVISS
SI,2023-04-16,2023-W15,13.3460862602042,ERVISS
SI,2023-04-09,2023-W14,18.8071821309644,ERVISS
SI,2023-04-02,2023-W13,22.4967277486911,ERVISS
SI,2023-03-26,2023-W12,48.1320661969523,ERVISS
SI,2023-03-19,2023-W11,54.6565212731754,ERVISS
SI,2023-03-12,2023-W10,104.372543359019,ERVISS
SI,2023-03-05,2023-W09,69.2269281401789,ERVISS
SI,2023-02-26,2023-W08,67.0100383665318,ERVISS
SI,2023-02-19,2023-W07,61.7152346862061,ERVISS
SI,2023-02-12,2023-W06,32.8351311581072,ERVISS
SI,2023-02-05,2023-W05,67.1539633752615,ERVISS
SI,2023-01-29,2023-W04,41.6661405790331,ERVISS
SI,2023-01-22,2023-W03,55.1397264131021,ERVISS
SI,2023-01-15,2023-W02,72.7281123014407,ERVISS
SI,2023-01-08,2023-W01,79.2251556606932,ERVISS
SI,2023-01-01,2022-W52,148.19348915127,ERVISS
SI,2022-12-25,2022-W51,55.8021559923906,ERVISS
SI,2022-12-18,2022-W50,46.6803878715865,ERVISS
SI,2022-12-11,2022-W49,11.9202427394885,ERVISS
SI,2022-12-04,2022-W48,8.52623950206761,ERVISS
SI,2022-11-27,2022-W47,4.00380361343276,ERVISS
SI,2022-11-20,2022-W46,1.37961481154462,ERVISS
SI,2022-11-13,2022-W45,1.04500851681941,ERVISS
SI,2022-11-06,2022-W44,0.0,ERVISS
SI,2022-10-30,2022-W43,0.0,ERVISS
SI,2022-10-23,2022-W42,2.39604173904709,ERVISS
SI,2022-10-16,2022-W41,0.0,ERVISS
SI,2022-10-09,2022-W40,0.0,ERVISS
SI,2022-10-02,2022-W39,0.0,ERVISS
SI,2022-09-25,2022-W38,0.0,ERVISS
SI,2022-09-18,2022-W37,0.0,ERVISS
SI,2022-09-11,2022-W36,0.0,ERVISS
SI,2022-09-04,2022-W35,0.0,ERVISS
SI,2022-08-28,2022-W34,0.0,ERVISS
SI,2022-08-21,2022-W33,0.0,ERVISS
SI,2022-08-14,2022-W32,0.0,ERVISS
SI,2022-08-07,2022-W31,0.0,ERVISS
SI,2022-07-31,2022-W30,0.0,ERVISS
SI,2022-07-24,2022-W29,0.0,ERVISS
SI,2022-07-17,2022-W28,0.0,ERVISS
SI,2022-07-10,2022-W27,0.0,ERVISS
SI,2022-07-03,2022-W26,0.0,ERVISS
SI,2022-06-26,2022-W25,0.0,ERVISS
CH,2023-07-30,2023-W30,7.1186352928994845,FluID
CH,2023-08-06,2023-W31,7.308231992516371,FluID
CH,2023-08-13,2023-W32,13.236601092965063,FluID
CH,2023-08-20,2023-W33,17.589450868691912,FluID
CH,2023-08-27,2023-W34,17.157440967679673,FluID
CH,2023-09-03,2023-W35,23.70272047974306,FluID
CH,2023-09-10,2023-W36,33.399336784598134,FluID
CH,2023-09-17,2023-W37,26.390949663662006,FluID
CH,2023-09-24,2023-W38,28.139173039361737,FluID
CH,2023-10-01,2023-W39,27.157549208298402,FluID
CH,2023-10-08,2023-W40,31.82483610209408,FluID
CH,2023-10-15,2023-W41,36.74167590227919,FluID
CH,2023-10-22,2023-W42,48.47388945774602,FluID
CH,2023-10-29,2023-W43,64.41112702219309,FluID
CH,2023-11-12,2023-W45,70.40465363218762,FluID
CH,2023-11-19,2023-W46,72.96811854512796,FluID
CH,2023-12-03,2023-W48,89.91103539655498,FluID
CH,2023-12-10,2023-W49,77.47328973208654,FluID
CH,2023-12-17,2023-W50,91.03777512559327,FluID
CH,2023-12-24,2023-W51,93.51284602750236,FluID
CH,2023-12-31,2023-W52,76.1133743307645,FluID
CH,2024-01-07,2024-W01,68.41785629175219,FluID
