origin_date,target_end_date,target,location,output_type,output_type_id,horizon,value
2024-03-13,2024-03-10,ILI incidence,DK,quantile,0.01,1,76.81604087016501
2024-03-13,2024-03-10,ILI incidence,DK,quantile,0.025,1,84.66888818816292
2024-03-13,2024-03-10,ILI incidence,DK,quantile,0.05,1,91.88032071081399
2024-03-13,2024-03-10,ILI incidence,DK,quantile,0.1,1,96.83142799260571
2024-03-13,2024-03-10,ILI incidence,DK,quantile,0.15,1,102.88814306744199
2024-03-13,2024-03-10,ILI incidence,DK,quantile,0.2,1,106.33307858945456
2024-03-13,2024-03-10,ILI incidence,DK,quantile,0.25,1,110.47964161396702
2024-03-13,2024-03-10,ILI incidence,DK,quantile,0.3,1,112.78736834769158
2024-03-13,2024-03-10,ILI incidence,DK,quantile,0.35,1,115.00755178378223
2024-03-13,2024-03-10,ILI incidence,DK,quantile,0.4,1,117.70260422947722
2024-03-13,2024-03-10,ILI incidence,DK,quantile,0.45,1,120.01161208463054
2024-03-13,2024-03-10,ILI incidence,DK,quantile,0.5,1,140.19738835710012
2024-03-13,2024-03-10,ILI incidence,DK,quantile,0.55,1,163.79564507538632
2024-03-13,2024-03-10,ILI incidence,DK,quantile,0.6,1,166.12216159006644
2024-03-13,2024-03-10,ILI incidence,DK,quantile,0.65,1,169.7016148621018
2024-03-13,2024-03-10,ILI incidence,DK,quantile,0.7,1,172.9958050959936
2024-03-13,2024-03-10,ILI incidence,DK,quantile,0.75,1,177.10649672049996
2024-03-13,2024-03-10,ILI incidence,DK,quantile,0.8,1,181.88507964988148
2024-03-13,2024-03-10,ILI incidence,DK,quantile,0.85,1,190.03557417983458
2024-03-13,2024-03-10,ILI incidence,DK,quantile,0.9,1,198.4730399098364
2024-03-13,2024-03-10,ILI incidence,DK,quantile,0.95,1,215.931308660415
2024-03-13,2024-03-10,ILI incidence,DK,quantile,0.975,1,238.74701370594948
2024-03-13,2024-03-10,ILI incidence,DK,quantile,0.99,1,256.77482633971994
2024-03-13,2024-03-17,ILI incidence,DK,quantile,0.01,2,66.37037459648946
2024-03-13,2024-03-17,ILI incidence,DK,quantile,0.025,2,73.18833202431192
2024-03-13,2024-03-17,ILI incidence,DK,quantile,0.05,2,76.96892136066711
2024-03-13,2024-03-17,ILI incidence,DK,quantile,0.1,2,84.55145205719063
2024-03-13,2024-03-17,ILI incidence,DK,quantile,0.15,2,89.99664517001848
2024-03-13,2024-03-17,ILI incidence,DK,quantile,0.2,2,93.53040511109373
2024-03-13,2024-03-17,ILI incidence,DK,quantile,0.25,2,96.62644856399953
2024-03-13,2024-03-17,ILI incidence,DK,quantile,0.3,2,99.3825677978001
2024-03-13,2024-03-17,ILI incidence,DK,quantile,0.35,2,102.11605388635871
2024-03-13,2024-03-17,ILI incidence,DK,quantile,0.4,2,104.73423904632637
2024-03-13,2024-03-17,ILI incidence,DK,quantile,0.45,2,106.72595582761642
2024-03-13,2024-03-17,ILI incidence,DK,quantile,0.5,2,129.76905992676083
2024-03-13,2024-03-17,ILI incidence,DK,quantile,0.55,2,157.47202970288572
2024-03-13,2024-03-17,ILI incidence,DK,quantile,0.6,2,161.38372046545362
2024-03-13,2024-03-17,ILI incidence,DK,quantile,0.65,2,164.28887682546994
2024-03-13,2024-03-17,ILI incidence,DK,quantile,0.7,2,169.17208467153586
2024-03-13,2024-03-17,ILI incidence,DK,quantile,0.75,2,172.87452560073493
2024-03-13,2024-03-17,ILI incidence,DK,quantile,0.8,2,180.11884024005826
2024-03-13,2024-03-17,ILI incidence,DK,quantile,0.85,2,187.4246487079634
2024-03-13,2024-03-17,ILI incidence,DK,quantile,0.9,2,200.1658283577424
2024-03-13,2024-03-17,ILI incidence,DK,quantile,0.95,2,220.90633020887745
2024-03-13,2024-03-17,ILI incidence,DK,quantile,0.975,2,238.71562623094417
2024-03-13,2024-03-17,ILI incidence,DK,quantile,0.99,2,263.26387719272475
2024-03-13,2024-03-24,ILI incidence,DK,quantile,0.01,3,51.427715883480126
2024-03-13,2024-03-24,ILI incidence,DK,quantile,0.025,3,56.09048543569915
2024-03-13,2024-03-24,ILI incidence,DK,quantile,0.05,3,64.29350594423262
2024-03-13,2024-03-24,ILI incidence,DK,quantile,0.1,3,72.23304247891188
2024-03-13,2024-03-24,ILI incidence,DK,quantile,0.15,3,77.20763698689807
2024-03-13,2024-03-24,ILI incidence,DK,quantile,0.2,3,80.9702906232502
2024-03-13,2024-03-24,ILI incidence,DK,quantile,0.25,3,85.1646821811041
2024-03-13,2024-03-24,ILI incidence,DK,quantile,0.3,3,87.93617487205013
2024-03-13,2024-03-24,ILI incidence,DK,quantile,0.35,3,91.26111202023283
2024-03-13,2024-03-24,ILI incidence,DK,quantile,0.4,3,94.20171273977897
2024-03-13,2024-03-24,ILI incidence,DK,quantile,0.45,3,96.7729234473577
2024-03-13,2024-03-24,ILI incidence,DK,quantile,0.5,3,120.52790402043235
2024-03-13,2024-03-24,ILI incidence,DK,quantile,0.55,3,149.367655544369
2024-03-13,2024-03-24,ILI incidence,DK,quantile,0.6,3,153.61158379746936
2024-03-13,2024-03-24,ILI incidence,DK,quantile,0.65,3,157.13680292901935
2024-03-13,2024-03-24,ILI incidence,DK,quantile,0.7,3,162.02171893699034
2024-03-13,2024-03-24,ILI incidence,DK,quantile,0.75,3,166.979231825926
2024-03-13,2024-03-24,ILI incidence,DK,quantile,0.8,3,172.8044909626278
2024-03-13,2024-03-24,ILI incidence,DK,quantile,0.85,3,184.28760936933637
2024-03-13,2024-03-24,ILI incidence,DK,quantile,0.9,3,195.57258099505893
2024-03-13,2024-03-24,ILI incidence,DK,quantile,0.95,3,220.12868950160276
2024-03-13,2024-03-24,ILI incidence,DK,quantile,0.975,3,240.21389774191246
2024-03-13,2024-03-24,ILI incidence,DK,quantile,0.99,3,264.17407126383137
2024-03-13,2024-03-31,ILI incidence,DK,quantile,0.01,4,45.26500936243541
2024-03-13,2024-03-31,ILI incidence,DK,quantile,0.025,4,47.63935441045696
2024-03-13,2024-03-31,ILI incidence,DK,quantile,0.05,4,52.934229275640284
2024-03-13,2024-03-31,ILI incidence,DK,quantile,0.1,4,60.64230987218508
2024-03-13,2024-03-31,ILI incidence,DK,quantile,0.15,4,65.94828778975123
2024-03-13,2024-03-31,ILI incidence,DK,quantile,0.2,4,70.72473551675142
2024-03-13,2024-03-31,ILI incidence,DK,quantile,0.25,4,73.8096759172744
2024-03-13,2024-03-31,ILI incidence,DK,quantile,0.3,4,76.9450070939964
2024-03-13,2024-03-31,ILI incidence,DK,quantile,0.35,4,79.91293840402334
2024-03-13,2024-03-31,ILI incidence,DK,quantile,0.4,4,82.4632241282652
2024-03-13,2024-03-31,ILI incidence,DK,quantile,0.45,4,85.47257836448964
2024-03-13,2024-03-31,ILI incidence,DK,quantile,0.5,4,111.11593192359871
2024-03-13,2024-03-31,ILI incidence,DK,quantile,0.55,4,142.92190659565725
2024-03-13,2024-03-31,ILI incidence,DK,quantile,0.6,4,147.01466252016058
2024-03-13,2024-03-31,ILI incidence,DK,quantile,0.65,4,151.4964523185394
2024-03-13,2024-03-31,ILI incidence,DK,quantile,0.7,4,156.81694961229852
2024-03-13,2024-03-31,ILI incidence,DK,quantile,0.75,4,162.99280898001211
2024-03-13,2024-03-31,ILI incidence,DK,quantile,0.8,4,170.71199262893973
2024-03-13,2024-03-31,ILI incidence,DK,quantile,0.85,4,179.54020039472206
2024-03-13,2024-03-31,ILI incidence,DK,quantile,0.9,4,193.31182871372334
2024-03-13,2024-03-31,ILI incidence,DK,quantile,0.95,4,211.74673903351513
2024-03-13,2024-03-31,ILI incidence,DK,quantile,0.975,4,244.19242033901548
2024-03-13,2024-03-31,ILI incidence,DK,quantile,0.99,4,291.42975884511856
2024-03-13,2024-03-10,ILI incidence,RO,quantile,0.01,1,0.21468233688203742
2024-03-13,2024-03-10,ILI incidence,RO,quantile,0.025,1,0.32594257678198235
2024-03-13,2024-03-10,ILI incidence,RO,quantile,0.05,1,0.449335123706591
2024-03-13,2024-03-10,ILI incidence,RO,quantile,0.1,1,0.7745016467343295
2024-03-13,2024-03-10,ILI incidence,RO,quantile,0.15,1,0.9386370157566851
2024-03-13,2024-03-10,ILI incidence,RO,quantile,0.2,1,1.1376948037199672
2024-03-13,2024-03-10,ILI incidence,RO,quantile,0.25,1,1.3503335323824983
2024-03-13,2024-03-10,ILI incidence,RO,quantile,0.3,1,1.4951968998411573
2024-03-13,2024-03-10,ILI incidence,RO,quantile,0.35,1,1.6469154087956277
2024-03-13,2024-03-10,ILI incidence,RO,quantile,0.4,1,1.7838888964194846
2024-03-13,2024-03-10,ILI incidence,RO,quantile,0.45,1,1.9556554606918943
2024-03-13,2024-03-10,ILI incidence,RO,quantile,0.5,1,3.8130107791796988
2024-03-13,2024-03-10,ILI incidence,RO,quantile,0.55,1,8.184780261414224
2024-03-13,2024-03-10,ILI incidence,RO,quantile,0.6,1,8.932896080504298
2024-03-13,2024-03-10,ILI incidence,RO,quantile,0.65,1,9.809448795921558
2024-03-13,2024-03-10,ILI incidence,RO,quantile,0.7,1,10.929165021001566
2024-03-13,2024-03-10,ILI incidence,RO,quantile,0.75,1,12.050174669005314
2024-03-13,2024-03-10,ILI incidence,RO,quantile,0.8,1,14.21989162357585
2024-03-13,2024-03-10,ILI incidence,RO,quantile,0.85,1,16.657864492529654
2024-03-13,2024-03-10,ILI incidence,RO,quantile,0.9,1,21.39476726613543
2024-03-13,2024-03-10,ILI incidence,RO,quantile,0.95,1,29.45900051105727
2024-03-13,2024-03-10,ILI incidence,RO,quantile,0.975,1,39.21787647066072
2024-03-13,2024-03-10,ILI incidence,RO,quantile,0.99,1,66.13129132550861
2024-03-13,2024-03-17,ILI incidence,RO,quantile,0.01,2,0.06464527772842651
2024-03-13,2024-03-17,ILI incidence,RO,quantile,0.025,2,0.1176368149139734
2024-03-13,2024-03-17,ILI incidence,RO,quantile,0.05,2,0.21186267490828908
2024-03-13,2024-03-17,ILI incidence,RO,quantile,0.1,2,0.3414636518668387
2024-03-13,2024-03-17,ILI incidence,RO,quantile,0.15,2,0.4345901023759765
2024-03-13,2024-03-17,ILI incidence,RO,quantile,0.2,2,0.5173691694952102
2024-03-13,2024-03-17,ILI incidence,RO,quantile,0.25,2,0.6195495804705141
2024-03-13,2024-03-17,ILI incidence,RO,quantile,0.3,2,0.708019708454195
2024-03-13,2024-03-17,ILI incidence,RO,quantile,0.35,2,0.7915748293276715
2024-03-13,2024-03-17,ILI incidence,RO,quantile,0.4,2,0.8795275881418572
2024-03-13,2024-03-17,ILI incidence,RO,quantile,0.45,2,0.9881751137358513
2024-03-13,2024-03-17,ILI incidence,RO,quantile,0.5,2,2.5946063850184786
2024-03-13,2024-03-17,ILI incidence,RO,quantile,0.55,2,6.531009711122784
2024-03-13,2024-03-17,ILI incidence,RO,quantile,0.6,2,7.352850636865927
2024-03-13,2024-03-17,ILI incidence,RO,quantile,0.65,2,8.009004086078228
2024-03-13,2024-03-17,ILI incidence,RO,quantile,0.7,2,9.275394470710127
2024-03-13,2024-03-17,ILI incidence,RO,quantile,0.75,2,10.305347144882717
2024-03-13,2024-03-17,ILI incidence,RO,quantile,0.8,2,12.72935104626015
2024-03-13,2024-03-17,ILI incidence,RO,quantile,0.85,2,15.251137720672178
2024-03-13,2024-03-17,ILI incidence,RO,quantile,0.9,2,20.346059959568635
2024-03-13,2024-03-17,ILI incidence,RO,quantile,0.95,2,30.006894461552694
2024-03-13,2024-03-17,ILI incidence,RO,quantile,0.975,2,52.81485561416428
2024-03-13,2024-03-17,ILI incidence,RO,quantile,0.99,2,110.06366848473539
2024-03-13,2024-03-24,ILI incidence,RO,quantile,0.01,3,0.033603127558713954
2024-03-13,2024-03-24,ILI incidence,RO,quantile,0.025,3,0.05173691694952102
2024-03-13,2024-03-24,ILI incidence,RO,quantile,0.05,3,0.09830014220408992
2024-03-13,2024-03-24,ILI incidence,RO,quantile,0.1,3,0.15521075084856306
2024-03-13,2024-03-24,ILI incidence,RO,quantile,0.15,3,0.20177397610313194
2024-03-13,2024-03-24,ILI incidence,RO,quantile,0.2,3,0.26385827644255716
2024-03-13,2024-03-24,ILI incidence,RO,quantile,0.25,3,0.3104215016971261
2024-03-13,2024-03-24,ILI incidence,RO,quantile,0.3,3,0.3813010779179699
2024-03-13,2024-03-24,ILI incidence,RO,quantile,0.35,3,0.4517926272616923
2024-03-13,2024-03-24,ILI incidence,RO,quantile,0.4,3,0.5121954778002581
2024-03-13,2024-03-24,ILI incidence,RO,quantile,0.45,3,0.5742797781396833
2024-03-13,2024-03-24,ILI incidence,RO,quantile,0.5,3,1.5650417377230106
2024-03-13,2024-03-24,ILI incidence,RO,quantile,0.55,3,4.8655983545177035
2024-03-13,2024-03-24,ILI incidence,RO,quantile,0.6,3,5.517224823496921
2024-03-13,2024-03-24,ILI incidence,RO,quantile,0.65,3,6.7656366294888635
2024-03-13,2024-03-24,ILI incidence,RO,quantile,0.7,3,7.74242962149582
2024-03-13,2024-03-24,ILI incidence,RO,quantile,0.75,3,9.337220086464805
2024-03-13,2024-03-24,ILI incidence,RO,quantile,0.8,3,11.142062434248844
2024-03-13,2024-03-24,ILI incidence,RO,quantile,0.85,3,13.855405043666476
2024-03-13,2024-03-24,ILI incidence,RO,quantile,0.9,3,18.19820185240927
2024-03-13,2024-03-24,ILI incidence,RO,quantile,0.95,3,30.20090790011324
2024-03-13,2024-03-24,ILI incidence,RO,quantile,0.975,3,50.95821167828459
2024-03-13,2024-03-24,ILI incidence,RO,quantile,0.99,3,98.31056719285475
2024-03-13,2024-03-31,ILI incidence,RO,quantile,0.01,4,0.010347383389904203
2024-03-13,2024-03-31,ILI incidence,RO,quantile,0.025,4,0.02586845847476051
2024-03-13,2024-03-31,ILI incidence,RO,quantile,0.05,4,0.04138953355961681
2024-03-13,2024-03-31,ILI incidence,RO,quantile,0.1,4,0.07243168372932943
2024-03-13,2024-03-31,ILI incidence,RO,quantile,0.15,4,0.10049896117444458
2024-03-13,2024-03-31,ILI incidence,RO,quantile,0.2,4,0.12934229237380254
2024-03-13,2024-03-31,ILI incidence,RO,quantile,0.25,4,0.16555813423846724
2024-03-13,2024-03-31,ILI incidence,RO,quantile,0.3,4,0.19142659271322776
2024-03-13,2024-03-31,ILI incidence,RO,quantile,0.35,4,0.234497576073704
2024-03-13,2024-03-31,ILI incidence,RO,quantile,0.4,4,0.27937935152741344
2024-03-13,2024-03-31,ILI incidence,RO,quantile,0.45,4,0.3155951933920782
2024-03-13,2024-03-31,ILI incidence,RO,quantile,0.5,4,1.122691097804606
2024-03-13,2024-03-31,ILI incidence,RO,quantile,0.55,4,3.8331881767900176
2024-03-13,2024-03-31,ILI incidence,RO,quantile,0.6,4,4.595272963456462
2024-03-13,2024-03-31,ILI incidence,RO,quantile,0.65,4,5.632727490586726
2024-03-13,2024-03-31,ILI incidence,RO,quantile,0.7,4,6.846863589099612
2024-03-13,2024-03-31,ILI incidence,RO,quantile,0.75,4,8.31929624548298
2024-03-13,2024-03-31,ILI incidence,RO,quantile,0.8,4,10.831123563382224
2024-03-13,2024-03-31,ILI incidence,RO,quantile,0.85,4,13.73343526195798
2024-03-13,2024-03-31,ILI incidence,RO,quantile,0.9,4,19.706332981487805
2024-03-13,2024-03-31,ILI incidence,RO,quantile,0.95,4,32.909076817835924
2024-03-13,2024-03-31,ILI incidence,RO,quantile,0.975,4,67.44974198282148
2024-03-13,2024-03-31,ILI incidence,RO,quantile,0.99,4,121.86090136677294
2024-03-13,2024-03-10,ILI incidence,LT,quantile,0.01,1,22.552331615142474
2024-03-13,2024-03-10,ILI incidence,LT,quantile,0.025,1,26.373942637975606
2024-03-13,2024-03-10,ILI incidence,LT,quantile,0.05,1,29.084184175132023
2024-03-13,2024-03-10,ILI incidence,LT,quantile,0.1,1,34.05520316135635
2024-03-13,2024-03-10,ILI incidence,LT,quantile,0.15,1,36.29534653053198
2024-03-13,2024-03-10,ILI incidence,LT,quantile,0.2,1,38.490633204289594
2024-03-13,2024-03-10,ILI incidence,LT,quantile,0.25,1,40.276826815834916
2024-03-13,2024-03-10,ILI incidence,LT,quantile,0.3,1,41.62163054446698
2024-03-13,2024-03-10,ILI incidence,LT,quantile,0.35,1,43.205969026631244
2024-03-13,2024-03-10,ILI incidence,LT,quantile,0.4,1,44.17487364766034
2024-03-13,2024-03-10,ILI incidence,LT,quantile,0.45,1,44.93833460367495
2024-03-13,2024-03-10,ILI incidence,LT,quantile,0.5,1,54.617512340974045
2024-03-13,2024-03-10,ILI incidence,LT,quantile,0.55,1,67.53624062136213
2024-03-13,2024-03-10,ILI incidence,LT,quantile,0.6,1,69.34486258061645
2024-03-13,2024-03-10,ILI incidence,LT,quantile,0.65,1,71.6639537337278
2024-03-13,2024-03-10,ILI incidence,LT,quantile,0.7,1,75.30900880339561
2024-03-13,2024-03-10,ILI incidence,LT,quantile,0.75,1,79.1765530823368
2024-03-13,2024-03-10,ILI incidence,LT,quantile,0.8,1,83.36885983610439
2024-03-13,2024-03-10,ILI incidence,LT,quantile,0.85,1,88.81625692766805
2024-03-13,2024-03-10,ILI incidence,LT,quantile,0.9,1,98.51248020922598
2024-03-13,2024-03-10,ILI incidence,LT,quantile,0.95,1,121.00452442572664
2024-03-13,2024-03-10,ILI incidence,LT,quantile,0.975,1,147.05235888801326
2024-03-13,2024-03-10,ILI incidence,LT,quantile,0.99,1,234.41893713315903
2024-03-13,2024-03-17,ILI incidence,LT,quantile,0.01,2,12.52363050714621
2024-03-13,2024-03-17,ILI incidence,LT,quantile,0.025,2,14.595920122067627
2024-03-13,2024-03-17,ILI incidence,LT,quantile,0.05,2,16.50546964601249
2024-03-13,2024-03-17,ILI incidence,LT,quantile,0.1,2,19.878693141447158
2024-03-13,2024-03-17,ILI incidence,LT,quantile,0.15,2,21.899935836982873
2024-03-13,2024-03-17,ILI incidence,LT,quantile,0.2,2,23.50131986340598
2024-03-13,2024-03-17,ILI incidence,LT,quantile,0.25,2,25.083864077753518
2024-03-13,2024-03-17,ILI incidence,LT,quantile,0.3,2,26.268080836789093
2024-03-13,2024-03-17,ILI incidence,LT,quantile,0.35,2,27.08088415776351
2024-03-13,2024-03-17,ILI incidence,LT,quantile,0.4,2,27.84703651550319
2024-03-13,2024-03-17,ILI incidence,LT,quantile,0.45,2,28.564743642191416
2024-03-13,2024-03-17,ILI incidence,LT,quantile,0.5,2,37.123401127948526
2024-03-13,2024-03-17,ILI incidence,LT,quantile,0.55,2,49.547808624830076
2024-03-13,2024-03-17,ILI incidence,LT,quantile,0.6,2,51.107924491468616
2024-03-13,2024-03-17,ILI incidence,LT,quantile,0.65,2,53.493403553798615
2024-03-13,2024-03-17,ILI incidence,LT,quantile,0.7,2,56.11034316448555
2024-03-13,2024-03-17,ILI incidence,LT,quantile,0.75,2,58.672557606762524
2024-03-13,2024-03-17,ILI incidence,LT,quantile,0.8,2,63.628325316544725
2024-03-13,2024-03-17,ILI incidence,LT,quantile,0.85,2,71.22794665426468
2024-03-13,2024-03-17,ILI incidence,LT,quantile,0.9,2,81.68583662402051
2024-03-13,2024-03-17,ILI incidence,LT,quantile,0.95,2,105.9909884693173
2024-03-13,2024-03-17,ILI incidence,LT,quantile,0.975,2,157.02310514553056
2024-03-13,2024-03-17,ILI incidence,LT,quantile,0.99,2,336.14082418615135
2024-03-13,2024-03-24,ILI incidence,LT,quantile,0.01,3,6.350631510500773
2024-03-13,2024-03-24,ILI incidence,LT,quantile,0.025,3,7.813587774863888
2024-03-13,2024-03-24,ILI incidence,LT,quantile,0.05,3,9.007224439937243
2024-03-13,2024-03-24,ILI incidence,LT,quantile,0.1,3,11.616089845448947
2024-03-13,2024-03-24,ILI incidence,LT,quantile,0.15,3,12.98511618960674
2024-03-13,2024-03-24,ILI incidence,LT,quantile,0.2,3,14.210601108426886
2024-03-13,2024-03-24,ILI incidence,LT,quantile,0.25,3,15.228848094415808
2024-03-13,2024-03-24,ILI incidence,LT,quantile,0.3,3,16.25068361603817
2024-03-13,2024-03-24,ILI incidence,LT,quantile,0.35,3,16.806009505313185
2024-03-13,2024-03-24,ILI incidence,LT,quantile,0.4,3,17.51205389119273
2024-03-13,2024-03-24,ILI incidence,LT,quantile,0.45,3,18.15799030521213
2024-03-13,2024-03-24,ILI incidence,LT,quantile,0.5,3,25.514488353766453
2024-03-13,2024-03-24,ILI incidence,LT,quantile,0.55,3,37.49032889646787
2024-03-13,2024-03-24,ILI incidence,LT,quantile,0.6,3,39.25140275857911
2024-03-13,2024-03-24,ILI incidence,LT,quantile,0.65,3,41.723006676111694
2024-03-13,2024-03-24,ILI incidence,LT,quantile,0.7,3,44.28252971666358
2024-03-13,2024-03-24,ILI incidence,LT,quantile,0.75,3,47.25652862287792
2024-03-13,2024-03-24,ILI incidence,LT,quantile,0.8,3,53.386644618703734
2024-03-13,2024-03-24,ILI incidence,LT,quantile,0.85,3,58.80084775565804
2024-03-13,2024-03-24,ILI incidence,LT,quantile,0.9,3,72.82035934160419
2024-03-13,2024-03-24,ILI incidence,LT,quantile,0.95,3,101.69461418217955
2024-03-13,2024-03-24,ILI incidence,LT,quantile,0.975,3,173.87845701580284
2024-03-13,2024-03-24,ILI incidence,LT,quantile,0.99,3,453.88929080487264
2024-03-13,2024-03-31,ILI incidence,LT,quantile,0.01,4,2.69140172508085
2024-03-13,2024-03-31,ILI incidence,LT,quantile,0.025,4,4.024991279858411
2024-03-13,2024-03-31,ILI incidence,LT,quantile,0.05,4,4.988064530483175
2024-03-13,2024-03-31,ILI incidence,LT,quantile,0.1,4,6.314028447039672
2024-03-13,2024-03-31,ILI incidence,LT,quantile,0.15,4,7.320612692219911
2024-03-13,2024-03-31,ILI incidence,LT,quantile,0.2,4,8.181861244245782
2024-03-13,2024-03-31,ILI incidence,LT,quantile,0.25,4,9.09245216123147
2024-03-13,2024-03-31,ILI incidence,LT,quantile,0.3,4,9.796702279294292
2024-03-13,2024-03-31,ILI incidence,LT,quantile,0.35,4,10.406753336979286
2024-03-13,2024-03-31,ILI incidence,LT,quantile,0.4,4,11.009627323397396
2024-03-13,2024-03-31,ILI incidence,LT,quantile,0.45,4,11.447428670677214
2024-03-13,2024-03-31,ILI incidence,LT,quantile,0.5,4,17.58382460386155
2024-03-13,2024-03-31,ILI incidence,LT,quantile,0.55,4,27.70349509016555
2024-03-13,2024-03-31,ILI incidence,LT,quantile,0.6,4,29.28962784014653
2024-03-13,2024-03-31,ILI incidence,LT,quantile,0.65,4,31.06505584479153
2024-03-13,2024-03-31,ILI incidence,LT,quantile,0.7,4,32.76871313676771
2024-03-13,2024-03-31,ILI incidence,LT,quantile,0.75,4,35.813585621742504
2024-03-13,2024-03-31,ILI incidence,LT,quantile,0.8,4,40.62940044182051
2024-03-13,2024-03-31,ILI incidence,LT,quantile,0.85,4,46.80616740088106
2024-03-13,2024-03-31,ILI incidence,LT,quantile,0.9,4,58.430331451505246
2024-03-13,2024-03-31,ILI incidence,LT,quantile,0.95,4,86.6739011545037
2024-03-13,2024-03-31,ILI incidence,LT,quantile,0.975,4,154.2962666310684
2024-03-13,2024-03-31,ILI incidence,LT,quantile,0.99,4,497.657403938486
2024-03-13,2024-03-10,ILI incidence,NL,quantile,0.01,1,15.80406836000351
2024-03-13,2024-03-10,ILI incidence,NL,quantile,0.025,1,17.516802371610158
2024-03-13,2024-03-10,ILI incidence,NL,quantile,0.05,1,19.043582976186993
2024-03-13,2024-03-10,ILI incidence,NL,quantile,0.1,1,21.864166764181025
2024-03-13,2024-03-10,ILI incidence,NL,quantile,0.15,1,23.825405263581313
2024-03-13,2024-03-10,ILI incidence,NL,quantile,0.2,1,25.427821395137933
2024-03-13,2024-03-10,ILI incidence,NL,quantile,0.25,1,26.788118134379662
2024-03-13,2024-03-10,ILI incidence,NL,quantile,0.3,1,27.92129402773308
2024-03-13,2024-03-10,ILI incidence,NL,quantile,0.35,1,28.869345005192642
2024-03-13,2024-03-10,ILI incidence,NL,quantile,0.4,1,30.06680038323143
2024-03-13,2024-03-10,ILI incidence,NL,quantile,0.45,1,31.377816184214375
2024-03-13,2024-03-10,ILI incidence,NL,quantile,0.5,1,42.321612716847554
2024-03-13,2024-03-10,ILI incidence,NL,quantile,0.55,1,57.52099682225083
2024-03-13,2024-03-10,ILI incidence,NL,quantile,0.6,1,59.65936101278413
2024-03-13,2024-03-10,ILI incidence,NL,quantile,0.65,1,61.38133698585554
2024-03-13,2024-03-10,ILI incidence,NL,quantile,0.7,1,64.1040731138285
2024-03-13,2024-03-10,ILI incidence,NL,quantile,0.75,1,67.26705229024661
2024-03-13,2024-03-10,ILI incidence,NL,quantile,0.8,1,70.7228602302314
2024-03-13,2024-03-10,ILI incidence,NL,quantile,0.85,1,76.66257030175818
2024-03-13,2024-03-10,ILI incidence,NL,quantile,0.9,1,85.22431197525086
2024-03-13,2024-03-10,ILI incidence,NL,quantile,0.95,1,104.46344742818067
2024-03-13,2024-03-10,ILI incidence,NL,quantile,0.975,1,126.01585869163766
2024-03-13,2024-03-10,ILI incidence,NL,quantile,0.99,1,145.21224114508675
2024-03-13,2024-03-17,ILI incidence,NL,quantile,0.01,2,10.30263009939151
2024-03-13,2024-03-17,ILI incidence,NL,quantile,0.025,2,11.64401438580581
2024-03-13,2024-03-17,ILI incidence,NL,quantile,0.05,2,14.062494286268029
2024-03-13,2024-03-17,ILI incidence,NL,quantile,0.1,2,17.39145737647369
2024-03-13,2024-03-17,ILI incidence,NL,quantile,0.15,2,19.051010827750638
2024-03-13,2024-03-17,ILI incidence,NL,quantile,0.2,2,20.78541416786122
2024-03-13,2024-03-17,ILI incidence,NL,quantile,0.25,2,22.03857843262733
2024-03-13,2024-03-17,ILI incidence,NL,quantile,0.3,2,23.04348104320861
2024-03-13,2024-03-17,ILI incidence,NL,quantile,0.35,2,24.30807277191879
2024-03-13,2024-03-17,ILI incidence,NL,quantile,0.4,2,25.379254673375655
2024-03-13,2024-03-17,ILI incidence,NL,quantile,0.45,2,26.764263303396422
2024-03-13,2024-03-17,ILI incidence,NL,quantile,0.5,2,38.987650111166374
2024-03-13,2024-03-17,ILI incidence,NL,quantile,0.55,2,56.912341523930024
2024-03-13,2024-03-17,ILI incidence,NL,quantile,0.6,2,59.70964185413803
2024-03-13,2024-03-17,ILI incidence,NL,quantile,0.65,2,62.609646516543314
2024-03-13,2024-03-17,ILI incidence,NL,quantile,0.7,2,65.25653285258755
2024-03-13,2024-03-17,ILI incidence,NL,quantile,0.75,2,68.31123680813562
2024-03-13,2024-03-17,ILI incidence,NL,quantile,0.8,2,72.78608884533247
2024-03-13,2024-03-17,ILI incidence,NL,quantile,0.85,2,78.34412162112746
2024-03-13,2024-03-17,ILI incidence,NL,quantile,0.9,2,86.38934192434836
2024-03-13,2024-03-17,ILI incidence,NL,quantile,0.95,2,100.52868590564022
2024-03-13,2024-03-17,ILI incidence,NL,quantile,0.975,2,110.74305313039376
2024-03-13,2024-03-17,ILI incidence,NL,quantile,0.99,2,124.97968768283943
2024-03-13,2024-03-24,ILI incidence,NL,quantile,0.01,3,7.51004359806044
2024-03-13,2024-03-24,ILI incidence,NL,quantile,0.025,3,9.320382436079337
2024-03-13,2024-03-24,ILI incidence,NL,quantile,0.05,3,11.06364206074657
2024-03-13,2024-03-24,ILI incidence,NL,quantile,0.1,3,13.0495924509259
2024-03-13,2024-03-24,ILI incidence,NL,quantile,0.15,3,14.787852560117603
2024-03-13,2024-03-24,ILI incidence,NL,quantile,0.2,3,16.49897244244215
2024-03-13,2024-03-24,ILI incidence,NL,quantile,0.25,3,17.913263948819587
2024-03-13,2024-03-24,ILI incidence,NL,quantile,0.3,3,18.994730567826114
2024-03-13,2024-03-24,ILI incidence,NL,quantile,0.35,3,19.73265905201416
2024-03-13,2024-03-24,ILI incidence,NL,quantile,0.4,3,20.5911472808121
2024-03-13,2024-03-24,ILI incidence,NL,quantile,0.45,3,21.9464445045783
2024-03-13,2024-03-24,ILI incidence,NL,quantile,0.5,3,35.8479543925343
2024-03-13,2024-03-24,ILI incidence,NL,quantile,0.55,3,56.55809014166399
2024-03-13,2024-03-24,ILI incidence,NL,quantile,0.6,3,59.26854174589708
2024-03-13,2024-03-24,ILI incidence,NL,quantile,0.65,3,62.150262465991865
2024-03-13,2024-03-24,ILI incidence,NL,quantile,0.7,3,65.31024193312464
2024-03-13,2024-03-24,ILI incidence,NL,quantile,0.75,3,69.55254507905977
2024-03-13,2024-03-24,ILI incidence,NL,quantile,0.8,3,75.22585239739051
2024-03-13,2024-03-24,ILI incidence,NL,quantile,0.85,3,80.90930158997162
2024-03-13,2024-03-24,ILI incidence,NL,quantile,0.9,3,91.36343129260158
2024-03-13,2024-03-24,ILI incidence,NL,quantile,0.95,3,107.23375037482081
2024-03-13,2024-03-24,ILI incidence,NL,quantile,0.975,3,119.32950669466548
2024-03-13,2024-03-24,ILI incidence,NL,quantile,0.99,3,136.16948894552849
2024-03-13,2024-03-31,ILI incidence,NL,quantile,0.01,4,3.9872707193634267
2024-03-13,2024-03-31,ILI incidence,NL,quantile,0.025,4,6.7704867002603635
2024-03-13,2024-03-31,ILI incidence,NL,quantile,0.05,4,7.901662787423573
2024-03-13,2024-03-31,ILI incidence,NL,quantile,0.1,4,10.089307916215661
2024-03-13,2024-03-31,ILI incidence,NL,quantile,0.15,4,11.988980953617297
2024-03-13,2024-03-31,ILI incidence,NL,quantile,0.2,4,13.23014638124214
2024-03-13,2024-03-31,ILI incidence,NL,quantile,0.25,4,14.495738013047422
2024-03-13,2024-03-31,ILI incidence,NL,quantile,0.3,4,15.745045508732412
2024-03-13,2024-03-31,ILI incidence,NL,quantile,0.35,4,16.95621384350408
2024-03-13,2024-03-31,ILI incidence,NL,quantile,0.4,4,18.134242532837963
2024-03-13,2024-03-31,ILI incidence,NL,quantile,0.45,4,19.281274226223562
2024-03-13,2024-03-31,ILI incidence,NL,quantile,0.5,4,33.233922015329256
2024-03-13,2024-03-31,ILI incidence,NL,quantile,0.55,4,55.75873903877664
2024-03-13,2024-03-31,ILI incidence,NL,quantile,0.6,4,58.561181727759426
2024-03-13,2024-03-31,ILI incidence,NL,quantile,0.65,4,61.853148403446156
2024-03-13,2024-03-31,ILI incidence,NL,quantile,0.7,4,66.23729494558698
2024-03-13,2024-03-31,ILI incidence,NL,quantile,0.75,4,70.69957677244537
2024-03-13,2024-03-31,ILI incidence,NL,quantile,0.8,4,76.58972021911477
2024-03-13,2024-03-31,ILI incidence,NL,quantile,0.85,4,82.86482635739988
2024-03-13,2024-03-31,ILI incidence,NL,quantile,0.9,4,93.33209764356552
2024-03-13,2024-03-31,ILI incidence,NL,quantile,0.95,4,110.58799672900273
2024-03-13,2024-03-31,ILI incidence,NL,quantile,0.975,4,131.56182120864173
2024-03-13,2024-03-31,ILI incidence,NL,quantile,0.99,4,149.61610006253107
2024-03-13,2024-03-10,ILI incidence,IE,quantile,0.01,1,0.0
2024-03-13,2024-03-10,ILI incidence,IE,quantile,0.025,1,0.0
2024-03-13,2024-03-10,ILI incidence,IE,quantile,0.05,1,0.0
2024-03-13,2024-03-10,ILI incidence,IE,quantile,0.1,1,0.0
2024-03-13,2024-03-10,ILI incidence,IE,quantile,0.15,1,0.0
2024-03-13,2024-03-10,ILI incidence,IE,quantile,0.2,1,0.0
2024-03-13,2024-03-10,ILI incidence,IE,quantile,0.25,1,0.0
2024-03-13,2024-03-10,ILI incidence,IE,quantile,0.3,1,0.0
2024-03-13,2024-03-10,ILI incidence,IE,quantile,0.35,1,0.0
2024-03-13,2024-03-10,ILI incidence,IE,quantile,0.4,1,0.0
2024-03-13,2024-03-10,ILI incidence,IE,quantile,0.45,1,0.0
2024-03-13,2024-03-10,ILI incidence,IE,quantile,0.5,1,4.532214317585894
2024-03-13,2024-03-10,ILI incidence,IE,quantile,0.55,1,6.457402700277248
2024-03-13,2024-03-10,ILI incidence,IE,quantile,0.6,1,6.698051248113667
2024-03-13,2024-03-10,ILI incidence,IE,quantile,0.65,1,6.938699795950086
2024-03-13,2024-03-10,ILI incidence,IE,quantile,0.7,1,7.222464541940529
2024-03-13,2024-03-10,ILI incidence,IE,quantile,0.75,1,7.640591393806308
2024-03-13,2024-03-10,ILI incidence,IE,quantile,0.8,1,8.04367771143231
2024-03-13,2024-03-10,ILI incidence,IE,quantile,0.85,1,8.54302344819288
2024-03-13,2024-03-10,ILI incidence,IE,quantile,0.9,1,9.365239319967312
2024-03-13,2024-03-10,ILI incidence,IE,quantile,0.95,1,10.248118679842174
2024-03-13,2024-03-10,ILI incidence,IE,quantile,0.975,1,11.711562661372398
2024-03-13,2024-03-10,ILI incidence,IE,quantile,0.99,1,13.055584801038798
2024-03-13,2024-03-17,ILI incidence,IE,quantile,0.01,2,0.0
2024-03-13,2024-03-17,ILI incidence,IE,quantile,0.025,2,0.0
2024-03-13,2024-03-17,ILI incidence,IE,quantile,0.05,2,0.0
2024-03-13,2024-03-17,ILI incidence,IE,quantile,0.1,2,0.0
2024-03-13,2024-03-17,ILI incidence,IE,quantile,0.15,2,0.0
2024-03-13,2024-03-17,ILI incidence,IE,quantile,0.2,2,0.0
2024-03-13,2024-03-17,ILI incidence,IE,quantile,0.25,2,0.0
2024-03-13,2024-03-17,ILI incidence,IE,quantile,0.3,2,0.0
2024-03-13,2024-03-17,ILI incidence,IE,quantile,0.35,2,0.0
2024-03-13,2024-03-17,ILI incidence,IE,quantile,0.4,2,0.0
2024-03-13,2024-03-17,ILI incidence,IE,quantile,0.45,2,0.0
2024-03-13,2024-03-17,ILI incidence,IE,quantile,0.5,2,3.7701605827705666
2024-03-13,2024-03-17,ILI incidence,IE,quantile,0.55,2,5.65524087415585
2024-03-13,2024-03-17,ILI incidence,IE,quantile,0.6,2,5.895889421992269
2024-03-13,2024-03-17,ILI incidence,IE,quantile,0.65,2,6.256862243746897
2024-03-13,2024-03-17,ILI incidence,IE,quantile,0.7,2,6.557672928542422
2024-03-13,2024-03-17,ILI incidence,IE,quantile,0.75,2,6.941206551656715
2024-03-13,2024-03-17,ILI incidence,IE,quantile,0.8,2,7.460104982928993
2024-03-13,2024-03-17,ILI incidence,IE,quantile,0.85,2,8.081780398173077
2024-03-13,2024-03-17,ILI incidence,IE,quantile,0.9,2,8.926055720165849
2024-03-13,2024-03-17,ILI incidence,IE,quantile,0.95,2,10.328334862454314
2024-03-13,2024-03-17,ILI incidence,IE,quantile,0.975,2,12.273577290798702
2024-03-13,2024-03-17,ILI incidence,IE,quantile,0.99,2,14.419460445901684
2024-03-13,2024-03-24,ILI incidence,IE,quantile,0.01,3,0.0
2024-03-13,2024-03-24,ILI incidence,IE,quantile,0.025,3,0.0
2024-03-13,2024-03-24,ILI incidence,IE,quantile,0.05,3,0.0
2024-03-13,2024-03-24,ILI incidence,IE,quantile,0.1,3,0.0
2024-03-13,2024-03-24,ILI incidence,IE,quantile,0.15,3,0.0
2024-03-13,2024-03-24,ILI incidence,IE,quantile,0.2,3,0.0
2024-03-13,2024-03-24,ILI incidence,IE,quantile,0.25,3,0.0
2024-03-13,2024-03-24,ILI incidence,IE,quantile,0.3,3,0.0
2024-03-13,2024-03-24,ILI incidence,IE,quantile,0.35,3,0.0
2024-03-13,2024-03-24,ILI incidence,IE,quantile,0.4,3,0.0
2024-03-13,2024-03-24,ILI incidence,IE,quantile,0.45,3,0.0
2024-03-13,2024-03-24,ILI incidence,IE,quantile,0.5,3,3.098350053393897
2024-03-13,2024-03-24,ILI incidence,IE,quantile,0.55,3,5.013511413258732
2024-03-13,2024-03-24,ILI incidence,IE,quantile,0.6,3,5.278224815878793
2024-03-13,2024-03-24,ILI incidence,IE,quantile,0.65,3,5.618642240839061
2024-03-13,2024-03-24,ILI incidence,IE,quantile,0.7,3,6.119492031023609
2024-03-13,2024-03-24,ILI incidence,IE,quantile,0.75,3,6.520071592942981
2024-03-13,2024-03-24,ILI incidence,IE,quantile,0.8,3,7.061029474433599
2024-03-13,2024-03-24,ILI incidence,IE,quantile,0.85,3,7.802527812454565
2024-03-13,2024-03-24,ILI incidence,IE,quantile,0.9,3,9.064428635171788
2024-03-13,2024-03-24,ILI incidence,IE,quantile,0.95,3,11.110943994064002
2024-03-13,2024-03-24,ILI incidence,IE,quantile,0.975,3,12.75662911546618
2024-03-13,2024-03-24,ILI incidence,IE,quantile,0.99,3,15.902958473084963
2024-03-13,2024-03-31,ILI incidence,IE,quantile,0.01,4,0.0
2024-03-13,2024-03-31,ILI incidence,IE,quantile,0.025,4,0.0
2024-03-13,2024-03-31,ILI incidence,IE,quantile,0.05,4,0.0
2024-03-13,2024-03-31,ILI incidence,IE,quantile,0.1,4,0.0
2024-03-13,2024-03-31,ILI incidence,IE,quantile,0.15,4,0.0
2024-03-13,2024-03-31,ILI incidence,IE,quantile,0.2,4,0.0
2024-03-13,2024-03-31,ILI incidence,IE,quantile,0.25,4,0.0
2024-03-13,2024-03-31,ILI incidence,IE,quantile,0.3,4,0.0
2024-03-13,2024-03-31,ILI incidence,IE,quantile,0.35,4,0.0
2024-03-13,2024-03-31,ILI incidence,IE,quantile,0.4,4,0.0
2024-03-13,2024-03-31,ILI incidence,IE,quantile,0.45,4,0.0
2024-03-13,2024-03-31,ILI incidence,IE,quantile,0.5,4,2.506755706629366
2024-03-13,2024-03-31,ILI incidence,IE,quantile,0.55,4,4.496618386551757
2024-03-13,2024-03-31,ILI incidence,IE,quantile,0.6,4,4.873133093687488
2024-03-13,2024-03-31,ILI incidence,IE,quantile,0.65,4,5.157399190819258
2024-03-13,2024-03-31,ILI incidence,IE,quantile,0.7,4,5.61513278284978
2024-03-13,2024-03-31,ILI incidence,IE,quantile,0.75,4,6.136537969828688
2024-03-13,2024-03-31,ILI incidence,IE,quantile,0.8,4,6.740164743985041
2024-03-13,2024-03-31,ILI incidence,IE,quantile,0.85,4,7.441554990699935
2024-03-13,2024-03-31,ILI incidence,IE,quantile,0.9,4,8.424704578839975
2024-03-13,2024-03-31,ILI incidence,IE,quantile,0.95,4,10.52937667012599
2024-03-13,2024-03-31,ILI incidence,IE,quantile,0.975,4,11.932407839126446
2024-03-13,2024-03-31,ILI incidence,IE,quantile,0.99,4,16.063691648994038
2024-03-13,2024-03-10,ILI incidence,IS,quantile,0.01,1,1.620141600375873
2024-03-13,2024-03-10,ILI incidence,IS,quantile,0.025,1,2.4268371055630316
2024-03-13,2024-03-10,ILI incidence,IS,quantile,0.05,1,3.5103068008143907
2024-03-13,2024-03-10,ILI incidence,IS,quantile,0.1,1,4.320377601002328
2024-03-13,2024-03-10,ILI incidence,IS,quantile,0.15,1,4.5904012010649735
2024-03-13,2024-03-10,ILI incidence,IS,quantile,0.2,1,5.1304484011902645
2024-03-13,2024-03-10,ILI incidence,IS,quantile,0.25,1,5.4004720012529095
2024-03-13,2024-03-10,ILI incidence,IS,quantile,0.3,1,5.9405192013782
2024-03-13,2024-03-10,ILI incidence,IS,quantile,0.35,1,6.210542801440846
2024-03-13,2024-03-10,ILI incidence,IS,quantile,0.4,1,6.480566401503492
2024-03-13,2024-03-10,ILI incidence,IS,quantile,0.45,1,6.750590001566137
2024-03-13,2024-03-10,ILI incidence,IS,quantile,0.5,1,9.990873202317882
2024-03-13,2024-03-10,ILI incidence,IS,quantile,0.55,1,13.77120360319492
2024-03-13,2024-03-10,ILI incidence,IS,quantile,0.6,1,14.041227203257563
2024-03-13,2024-03-10,ILI incidence,IS,quantile,0.65,1,14.851298003445502
2024-03-13,2024-03-10,ILI incidence,IS,quantile,0.7,1,15.661368803633437
2024-03-13,2024-03-10,ILI incidence,IS,quantile,0.75,1,16.471439603821374
2024-03-13,2024-03-10,ILI incidence,IS,quantile,0.8,1,17.551534004071957
2024-03-13,2024-03-10,ILI incidence,IS,quantile,0.85,1,18.901652004385184
2024-03-13,2024-03-10,ILI incidence,IS,quantile,0.9,1,20.7918172048237
2024-03-13,2024-03-10,ILI incidence,IS,quantile,0.95,1,25.65224200595132
2024-03-13,2024-03-10,ILI incidence,IS,quantile,0.975,1,29.165924101766496
2024-03-13,2024-03-10,ILI incidence,IS,quantile,0.99,1,37.80330400877037
2024-03-13,2024-03-17,ILI incidence,IS,quantile,0.01,2,1.3501180003132274
2024-03-13,2024-03-17,ILI incidence,IS,quantile,0.025,2,2.160188800501164
2024-03-13,2024-03-17,ILI incidence,IS,quantile,0.05,2,2.7002360006264547
2024-03-13,2024-03-17,ILI incidence,IS,quantile,0.1,2,3.5103068008143907
2024-03-13,2024-03-17,ILI incidence,IS,quantile,0.15,2,4.050354000939682
2024-03-13,2024-03-17,ILI incidence,IS,quantile,0.2,2,4.5904012010649735
2024-03-13,2024-03-17,ILI incidence,IS,quantile,0.25,2,5.1304484011902645
2024-03-13,2024-03-17,ILI incidence,IS,quantile,0.3,2,5.670495601315555
2024-03-13,2024-03-17,ILI incidence,IS,quantile,0.35,2,5.9405192013782
2024-03-13,2024-03-17,ILI incidence,IS,quantile,0.4,2,6.210542801440846
2024-03-13,2024-03-17,ILI incidence,IS,quantile,0.45,2,6.480566401503492
2024-03-13,2024-03-17,ILI incidence,IS,quantile,0.5,2,10.260896802380529
2024-03-13,2024-03-17,ILI incidence,IS,quantile,0.55,2,15.391345203570793
2024-03-13,2024-03-17,ILI incidence,IS,quantile,0.6,2,15.661368803633437
2024-03-13,2024-03-17,ILI incidence,IS,quantile,0.65,2,16.74146320388402
2024-03-13,2024-03-17,ILI incidence,IS,quantile,0.7,2,17.8215576041346
2024-03-13,2024-03-17,ILI incidence,IS,quantile,0.75,2,18.901652004385184
2024-03-13,2024-03-17,ILI incidence,IS,quantile,0.8,2,20.25177000469841
2024-03-13,2024-03-17,ILI incidence,IS,quantile,0.85,2,22.411958805199575
2024-03-13,2024-03-17,ILI incidence,IS,quantile,0.9,2,25.395719585891808
2024-03-13,2024-03-17,ILI incidence,IS,quantile,0.95,2,32.13280840745481
2024-03-13,2024-03-17,ILI incidence,IS,quantile,0.975,2,39.96686810427231
2024-03-13,2024-03-17,ILI incidence,IS,quantile,0.99,2,50.22573972965237
2024-03-13,2024-03-24,ILI incidence,IS,quantile,0.01,3,1.080094400250582
2024-03-13,2024-03-24,ILI incidence,IS,quantile,0.025,3,1.6167663053750951
2024-03-13,2024-03-24,ILI incidence,IS,quantile,0.05,3,2.160188800501164
2024-03-13,2024-03-24,ILI incidence,IS,quantile,0.1,3,2.9702596006891
2024-03-13,2024-03-24,ILI incidence,IS,quantile,0.15,3,3.5103068008143907
2024-03-13,2024-03-24,ILI incidence,IS,quantile,0.2,3,4.050354000939682
2024-03-13,2024-03-24,ILI incidence,IS,quantile,0.25,3,4.5904012010649735
2024-03-13,2024-03-24,ILI incidence,IS,quantile,0.3,3,5.089944861180867
2024-03-13,2024-03-24,ILI incidence,IS,quantile,0.35,3,5.4004720012529095
2024-03-13,2024-03-24,ILI incidence,IS,quantile,0.4,3,5.9405192013782
2024-03-13,2024-03-24,ILI incidence,IS,quantile,0.45,3,6.210542801440846
2024-03-13,2024-03-24,ILI incidence,IS,quantile,0.5,3,10.530920402443174
2024-03-13,2024-03-24,ILI incidence,IS,quantile,0.55,3,16.80221851389814
2024-03-13,2024-03-24,ILI incidence,IS,quantile,0.6,3,17.8215576041346
2024-03-13,2024-03-24,ILI incidence,IS,quantile,0.65,3,18.948906134396143
2024-03-13,2024-03-24,ILI incidence,IS,quantile,0.7,3,20.25177000469841
2024-03-13,2024-03-24,ILI incidence,IS,quantile,0.75,3,21.90566455508211
2024-03-13,2024-03-24,ILI incidence,IS,quantile,0.8,3,23.7620768055128
2024-03-13,2024-03-24,ILI incidence,IS,quantile,0.85,3,26.7323364062019
2024-03-13,2024-03-24,ILI incidence,IS,quantile,0.9,3,31.322737607266873
2024-03-13,2024-03-24,ILI incidence,IS,quantile,0.95,3,40.51704118939996
2024-03-13,2024-03-24,ILI incidence,IS,quantile,0.975,3,52.384578412153225
2024-03-13,2024-03-24,ILI incidence,IS,quantile,0.99,3,72.68630278286214
2024-03-13,2024-03-31,ILI incidence,IS,quantile,0.01,4,0.540047200125291
2024-03-13,2024-03-31,ILI incidence,IS,quantile,0.025,4,1.0767191052498042
2024-03-13,2024-03-31,ILI incidence,IS,quantile,0.05,4,1.3501180003132274
2024-03-13,2024-03-31,ILI incidence,IS,quantile,0.1,4,2.160188800501164
2024-03-13,2024-03-31,ILI incidence,IS,quantile,0.15,4,2.9702596006891
2024-03-13,2024-03-31,ILI incidence,IS,quantile,0.2,4,3.7533280408707452
2024-03-13,2024-03-31,ILI incidence,IS,quantile,0.25,4,4.050354000939682
2024-03-13,2024-03-31,ILI incidence,IS,quantile,0.3,4,4.5904012010649735
2024-03-13,2024-03-31,ILI incidence,IS,quantile,0.35,4,5.1304484011902645
2024-03-13,2024-03-31,ILI incidence,IS,quantile,0.4,4,5.670495601315555
2024-03-13,2024-03-31,ILI incidence,IS,quantile,0.45,4,5.9405192013782
2024-03-13,2024-03-31,ILI incidence,IS,quantile,0.5,4,10.800944002505819
2024-03-13,2024-03-31,ILI incidence,IS,quantile,0.55,4,18.901652004385184
2024-03-13,2024-03-31,ILI incidence,IS,quantile,0.6,4,19.981746404635764
2024-03-13,2024-03-31,ILI incidence,IS,quantile,0.65,4,21.601888005011638
2024-03-13,2024-03-31,ILI incidence,IS,quantile,0.7,4,23.492053205450155
2024-03-13,2024-03-31,ILI incidence,IS,quantile,0.75,4,25.65224200595132
2024-03-13,2024-03-31,ILI incidence,IS,quantile,0.8,4,28.082454406515126
2024-03-13,2024-03-31,ILI incidence,IS,quantile,0.85,4,32.94287920764275
2024-03-13,2024-03-31,ILI incidence,IS,quantile,0.9,4,39.97699398927467
2024-03-13,2024-03-31,ILI incidence,IS,quantile,0.95,4,53.4646728124038
2024-03-13,2024-03-31,ILI incidence,IS,quantile,0.975,4,68.8560180159746
2024-03-13,2024-03-31,ILI incidence,IS,quantile,0.99,4,109.19079327532985
2024-03-13,2024-03-10,ILI incidence,PL,quantile,0.01,1,115.57188832205223
2024-03-13,2024-03-10,ILI incidence,PL,quantile,0.025,1,126.46144156202024
2024-03-13,2024-03-10,ILI incidence,PL,quantile,0.05,1,143.34602598682187
2024-03-13,2024-03-10,ILI incidence,PL,quantile,0.1,1,166.4826132714123
2024-03-13,2024-03-10,ILI incidence,PL,quantile,0.15,1,177.6291903951276
2024-03-13,2024-03-10,ILI incidence,PL,quantile,0.2,1,186.61249621616778
2024-03-13,2024-03-10,ILI incidence,PL,quantile,0.25,1,193.01786240289294
2024-03-13,2024-03-10,ILI incidence,PL,quantile,0.3,1,201.8305759955877
2024-03-13,2024-03-10,ILI incidence,PL,quantile,0.35,1,208.9989084185738
2024-03-13,2024-03-10,ILI incidence,PL,quantile,0.4,1,217.53994050912553
2024-03-13,2024-03-10,ILI incidence,PL,quantile,0.45,1,223.07596504558717
2024-03-13,2024-03-10,ILI incidence,PL,quantile,0.5,1,288.2551832105713
2024-03-13,2024-03-10,ILI incidence,PL,quantile,0.55,1,376.1069830199257
2024-03-13,2024-03-10,ILI incidence,PL,quantile,0.6,1,385.9216485949413
2024-03-13,2024-03-10,ILI incidence,PL,quantile,0.65,1,400.1416267904613
2024-03-13,2024-03-10,ILI incidence,PL,quantile,0.7,1,414.4583217734366
2024-03-13,2024-03-10,ILI incidence,PL,quantile,0.75,1,432.42649967928133
2024-03-13,2024-03-10,ILI incidence,PL,quantile,0.8,1,454.29402174872104
2024-03-13,2024-03-10,ILI incidence,PL,quantile,0.85,1,476.94989657960366
2024-03-13,2024-03-10,ILI incidence,PL,quantile,0.9,1,520.5762159088333
2024-03-13,2024-03-10,ILI incidence,PL,quantile,0.95,1,607.9621175092523
2024-03-13,2024-03-10,ILI incidence,PL,quantile,0.975,1,685.8352835057494
2024-03-13,2024-03-10,ILI incidence,PL,quantile,0.99,1,813.6570316732965
2024-03-13,2024-03-17,ILI incidence,PL,quantile,0.01,2,77.48736260081648
2024-03-13,2024-03-17,ILI incidence,PL,quantile,0.025,2,91.91038078900225
2024-03-13,2024-03-17,ILI incidence,PL,quantile,0.05,2,106.2428689316024
2024-03-13,2024-03-17,ILI incidence,PL,quantile,0.1,2,121.79710807146881
2024-03-13,2024-03-17,ILI incidence,PL,quantile,0.15,2,137.1395752981827
2024-03-13,2024-03-17,ILI incidence,PL,quantile,0.2,2,146.76726813631632
2024-03-13,2024-03-17,ILI incidence,PL,quantile,0.25,2,155.30157834487895
2024-03-13,2024-03-17,ILI incidence,PL,quantile,0.3,2,160.5014435208941
2024-03-13,2024-03-17,ILI incidence,PL,quantile,0.35,2,169.36891108435466
2024-03-13,2024-03-17,ILI incidence,PL,quantile,0.4,2,176.53463306773327
2024-03-13,2024-03-17,ILI incidence,PL,quantile,0.45,2,183.11790071370464
2024-03-13,2024-03-17,ILI incidence,PL,quantile,0.5,2,256.8881408877228
2024-03-13,2024-03-17,ILI incidence,PL,quantile,0.55,2,353.5692958422693
2024-03-13,2024-03-17,ILI incidence,PL,quantile,0.6,2,366.94531891270805
2024-03-13,2024-03-17,ILI incidence,PL,quantile,0.65,2,379.2663980767952
2024-03-13,2024-03-17,ILI incidence,PL,quantile,0.7,2,396.75980227903904
2024-03-13,2024-03-17,ILI incidence,PL,quantile,0.75,2,414.3743308790676
2024-03-13,2024-03-17,ILI incidence,PL,quantile,0.8,2,441.0510005762806
2024-03-13,2024-03-17,ILI incidence,PL,quantile,0.85,2,471.61526745885504
2024-03-13,2024-03-17,ILI incidence,PL,quantile,0.9,2,513.3317239103008
2024-03-13,2024-03-17,ILI incidence,PL,quantile,0.95,2,588.7607026718684
2024-03-13,2024-03-17,ILI incidence,PL,quantile,0.975,2,702.8277117168328
2024-03-13,2024-03-17,ILI incidence,PL,quantile,0.99,2,877.4868222398176
2024-03-13,2024-03-24,ILI incidence,PL,quantile,0.01,3,51.14640848931667
2024-03-13,2024-03-24,ILI incidence,PL,quantile,0.025,3,62.98295743177016
2024-03-13,2024-03-24,ILI incidence,PL,quantile,0.05,3,77.98192343664165
2024-03-13,2024-03-24,ILI incidence,PL,quantile,0.1,3,93.55802500822027
2024-03-13,2024-03-24,ILI incidence,PL,quantile,0.15,3,107.65961976754348
2024-03-13,2024-03-24,ILI incidence,PL,quantile,0.2,3,118.91257230526146
2024-03-13,2024-03-24,ILI incidence,PL,quantile,0.25,3,126.13252617148439
2024-03-13,2024-03-24,ILI incidence,PL,quantile,0.3,3,133.4773895729227
2024-03-13,2024-03-24,ILI incidence,PL,quantile,0.35,3,141.8216597780646
2024-03-13,2024-03-24,ILI incidence,PL,quantile,0.4,3,147.91742782734886
2024-03-13,2024-03-24,ILI incidence,PL,quantile,0.45,3,153.30074164677598
2024-03-13,2024-03-24,ILI incidence,PL,quantile,0.5,3,223.2056386330861
2024-03-13,2024-03-24,ILI incidence,PL,quantile,0.55,3,318.6245155154611
2024-03-13,2024-03-24,ILI incidence,PL,quantile,0.6,3,331.2329388193358
2024-03-13,2024-03-24,ILI incidence,PL,quantile,0.65,3,345.79090368302747
2024-03-13,2024-03-24,ILI incidence,PL,quantile,0.7,3,360.8934062488285
2024-03-13,2024-03-24,ILI incidence,PL,quantile,0.75,3,378.9340238537795
2024-03-13,2024-03-24,ILI incidence,PL,quantile,0.8,3,404.0696857897379
2024-03-13,2024-03-24,ILI incidence,PL,quantile,0.85,3,439.75413417931065
2024-03-13,2024-03-24,ILI incidence,PL,quantile,0.9,3,477.3891030435533
2024-03-13,2024-03-24,ILI incidence,PL,quantile,0.95,3,559.478879507433
2024-03-13,2024-03-24,ILI incidence,PL,quantile,0.975,3,646.9887117282144
2024-03-13,2024-03-24,ILI incidence,PL,quantile,0.99,3,834.5317774556353
2024-03-13,2024-03-31,ILI incidence,PL,quantile,0.01,4,37.86652790961948
2024-03-13,2024-03-31,ILI incidence,PL,quantile,0.025,4,48.57489706253496
2024-03-13,2024-03-31,ILI incidence,PL,quantile,0.05,4,58.87317920532162
2024-03-13,2024-03-31,ILI incidence,PL,quantile,0.1,4,71.24672820551802
2024-03-13,2024-03-31,ILI incidence,PL,quantile,0.15,4,80.4625589345898
2024-03-13,2024-03-31,ILI incidence,PL,quantile,0.2,4,89.56731545836551
2024-03-13,2024-03-31,ILI incidence,PL,quantile,0.25,4,97.0532078595951
2024-03-13,2024-03-31,ILI incidence,PL,quantile,0.3,4,104.82507391981837
2024-03-13,2024-03-31,ILI incidence,PL,quantile,0.35,4,112.04979183832482
2024-03-13,2024-03-31,ILI incidence,PL,quantile,0.4,4,118.94363653658985
2024-03-13,2024-03-31,ILI incidence,PL,quantile,0.45,4,125.35618143223545
2024-03-13,2024-03-31,ILI incidence,PL,quantile,0.5,4,193.56801255015827
2024-03-13,2024-03-31,ILI incidence,PL,quantile,0.55,4,296.4346041545042
2024-03-13,2024-03-31,ILI incidence,PL,quantile,0.6,4,308.4286604967708
2024-03-13,2024-03-31,ILI incidence,PL,quantile,0.65,4,324.5461019819397
2024-03-13,2024-03-31,ILI incidence,PL,quantile,0.7,4,336.6405949881021
2024-03-13,2024-03-31,ILI incidence,PL,quantile,0.75,4,358.93153036186646
2024-03-13,2024-03-31,ILI incidence,PL,quantile,0.8,4,389.01005969448875
2024-03-13,2024-03-31,ILI incidence,PL,quantile,0.85,4,420.66823129455565
2024-03-13,2024-03-31,ILI incidence,PL,quantile,0.9,4,477.53633183741215
2024-03-13,2024-03-31,ILI incidence,PL,quantile,0.95,4,567.2203992072173
2024-03-13,2024-03-31,ILI incidence,PL,quantile,0.975,4,671.3803331150657
2024-03-13,2024-03-31,ILI incidence,PL,quantile,0.99,4,808.6502346106467
2024-03-13,2024-03-10,ILI incidence,FR,quantile,0.01,1,61.936034660186145
2024-03-13,2024-03-10,ILI incidence,FR,quantile,0.025,1,65.26980457652213
2024-03-13,2024-03-10,ILI incidence,FR,quantile,0.05,1,69.53260989897515
2024-03-13,2024-03-10,ILI incidence,FR,quantile,0.1,1,73.0488799817416
2024-03-13,2024-03-10,ILI incidence,FR,quantile,0.15,1,76.3131798933134
2024-03-13,2024-03-10,ILI incidence,FR,quantile,0.2,1,78.40208389559149
2024-03-13,2024-03-10,ILI incidence,FR,quantile,0.25,1,80.30948724411081
2024-03-13,2024-03-10,ILI incidence,FR,quantile,0.3,1,81.81220418298997
2024-03-13,2024-03-10,ILI incidence,FR,quantile,0.35,1,83.0626022834634
2024-03-13,2024-03-10,ILI incidence,FR,quantile,0.4,1,84.26961068656014
2024-03-13,2024-03-10,ILI incidence,FR,quantile,0.45,1,85.57250257269912
2024-03-13,2024-03-10,ILI incidence,FR,quantile,0.5,1,95.55806031192729
2024-03-13,2024-03-10,ILI incidence,FR,quantile,0.55,1,105.1120842662635
2024-03-13,2024-03-10,ILI incidence,FR,quantile,0.6,1,106.41416259557666
2024-03-13,2024-03-10,ILI incidence,FR,quantile,0.65,1,107.66765996014843
2024-03-13,2024-03-10,ILI incidence,FR,quantile,0.7,1,109.05721501863711
2024-03-13,2024-03-10,ILI incidence,FR,quantile,0.75,1,110.8707494057781
2024-03-13,2024-03-10,ILI incidence,FR,quantile,0.8,1,112.99188575467888
2024-03-13,2024-03-10,ILI incidence,FR,quantile,0.85,1,116.13883977932744
2024-03-13,2024-03-10,ILI incidence,FR,quantile,0.9,1,120.88718356358594
2024-03-13,2024-03-10,ILI incidence,FR,quantile,0.95,1,129.23195214835408
2024-03-13,2024-03-10,ILI incidence,FR,quantile,0.975,1,134.50234759957658
2024-03-13,2024-03-10,ILI incidence,FR,quantile,0.99,1,142.2795828167375
2024-03-13,2024-03-17,ILI incidence,FR,quantile,0.01,2,40.02074306468375
2024-03-13,2024-03-17,ILI incidence,FR,quantile,0.025,2,44.14880400638151
2024-03-13,2024-03-17,ILI incidence,FR,quantile,0.05,2,47.9322500248251
2024-03-13,2024-03-17,ILI incidence,FR,quantile,0.1,2,51.50527538139234
2024-03-13,2024-03-17,ILI incidence,FR,quantile,0.15,2,53.80144267024661
2024-03-13,2024-03-17,ILI incidence,FR,quantile,0.2,2,55.77327197121007
2024-03-13,2024-03-17,ILI incidence,FR,quantile,0.25,2,57.22442490365318
2024-03-13,2024-03-17,ILI incidence,FR,quantile,0.3,2,58.662173518870986
2024-03-13,2024-03-17,ILI incidence,FR,quantile,0.35,2,59.84516262520561
2024-03-13,2024-03-17,ILI incidence,FR,quantile,0.4,2,61.08525567255208
2024-03-13,2024-03-17,ILI incidence,FR,quantile,0.45,2,62.1165358012732
2024-03-13,2024-03-17,ILI incidence,FR,quantile,0.5,2,72.22137646748605
2024-03-13,2024-03-17,ILI incidence,FR,quantile,0.55,2,83.08557557859231
2024-03-13,2024-03-17,ILI incidence,FR,quantile,0.6,2,84.43046249326375
2024-03-13,2024-03-17,ILI incidence,FR,quantile,0.65,2,85.96173140264884
2024-03-13,2024-03-17,ILI incidence,FR,quantile,0.7,2,87.40079720510843
2024-03-13,2024-03-17,ILI incidence,FR,quantile,0.75,2,89.21599744670226
2024-03-13,2024-03-17,ILI incidence,FR,quantile,0.8,2,91.67313276466383
2024-03-13,2024-03-17,ILI incidence,FR,quantile,0.85,2,95.04462847323681
2024-03-13,2024-03-17,ILI incidence,FR,quantile,0.9,2,99.40277490751487
2024-03-13,2024-03-17,ILI incidence,FR,quantile,0.95,2,105.15458292521188
2024-03-13,2024-03-17,ILI incidence,FR,quantile,0.975,2,113.313996146499
2024-03-13,2024-03-17,ILI incidence,FR,quantile,0.99,2,122.55825252828652
2024-03-13,2024-03-24,ILI incidence,FR,quantile,0.01,3,24.290056221890453
2024-03-13,2024-03-24,ILI incidence,FR,quantile,0.025,3,27.992398372960732
2024-03-13,2024-03-24,ILI incidence,FR,quantile,0.05,3,31.11436458081647
2024-03-13,2024-03-24,ILI incidence,FR,quantile,0.1,3,34.56849441841131
2024-03-13,2024-03-24,ILI incidence,FR,quantile,0.15,3,37.16044772465047
2024-03-13,2024-03-24,ILI incidence,FR,quantile,0.2,3,39.084974507313085
2024-03-13,2024-03-24,ILI incidence,FR,quantile,0.25,3,40.37682526510176
2024-03-13,2024-03-24,ILI incidence,FR,quantile,0.3,3,41.992471639564016
2024-03-13,2024-03-24,ILI incidence,FR,quantile,0.35,3,43.38528092535596
2024-03-13,2024-03-24,ILI incidence,FR,quantile,0.4,3,44.56927729252255
2024-03-13,2024-03-24,ILI incidence,FR,quantile,0.45,3,45.51664484578124
2024-03-13,2024-03-24,ILI incidence,FR,quantile,0.5,3,55.05687707487983
2024-03-13,2024-03-24,ILI incidence,FR,quantile,0.55,3,65.35267115035137
2024-03-13,2024-03-24,ILI incidence,FR,quantile,0.6,3,66.91993026407837
2024-03-13,2024-03-24,ILI incidence,FR,quantile,0.65,3,68.27597452950381
2024-03-13,2024-03-24,ILI incidence,FR,quantile,0.7,3,69.78031858203461
2024-03-13,2024-03-24,ILI incidence,FR,quantile,0.75,3,72.04200655779489
2024-03-13,2024-03-24,ILI incidence,FR,quantile,0.8,3,74.22412092783041
2024-03-13,2024-03-24,ILI incidence,FR,quantile,0.85,3,77.77657491894495
2024-03-13,2024-03-24,ILI incidence,FR,quantile,0.9,3,81.65770586768795
2024-03-13,2024-03-24,ILI incidence,FR,quantile,0.95,3,91.94896726941568
2024-03-13,2024-03-24,ILI incidence,FR,quantile,0.975,3,97.27805503450038
2024-03-13,2024-03-24,ILI incidence,FR,quantile,0.99,3,106.37296562754953
2024-03-13,2024-03-31,ILI incidence,FR,quantile,0.01,4,16.035290266537952
2024-03-13,2024-03-31,ILI incidence,FR,quantile,0.025,4,18.71912900513251
2024-03-13,2024-03-31,ILI incidence,FR,quantile,0.05,4,20.94761611423937
2024-03-13,2024-03-31,ILI incidence,FR,quantile,0.1,4,23.527985920910996
2024-03-13,2024-03-31,ILI incidence,FR,quantile,0.15,4,25.62270104337346
2024-03-13,2024-03-31,ILI incidence,FR,quantile,0.2,4,27.476060974178047
2024-03-13,2024-03-31,ILI incidence,FR,quantile,0.25,4,28.714488167071654
2024-03-13,2024-03-31,ILI incidence,FR,quantile,0.3,4,29.695986366213262
2024-03-13,2024-03-31,ILI incidence,FR,quantile,0.35,4,30.710104319989842
2024-03-13,2024-03-31,ILI incidence,FR,quantile,0.4,4,31.663631660643972
2024-03-13,2024-03-31,ILI incidence,FR,quantile,0.45,4,32.83685808506885
2024-03-13,2024-03-31,ILI incidence,FR,quantile,0.5,4,41.75638519687331
2024-03-13,2024-03-31,ILI incidence,FR,quantile,0.55,4,51.590698848102704
2024-03-13,2024-03-31,ILI incidence,FR,quantile,0.6,4,53.130994364174185
2024-03-13,2024-03-31,ILI incidence,FR,quantile,0.65,4,54.60872348626053
2024-03-13,2024-03-31,ILI incidence,FR,quantile,0.7,4,56.30502820888197
2024-03-13,2024-03-31,ILI incidence,FR,quantile,0.75,4,58.7378343036716
2024-03-13,2024-03-31,ILI incidence,FR,quantile,0.8,4,60.66747487209646
2024-03-13,2024-03-31,ILI incidence,FR,quantile,0.85,4,63.570555553007274
2024-03-13,2024-03-31,ILI incidence,FR,quantile,0.9,4,67.6842087907279
2024-03-13,2024-03-31,ILI incidence,FR,quantile,0.95,4,74.96666586499035
2024-03-13,2024-03-31,ILI incidence,FR,quantile,0.975,4,84.09107370409541
2024-03-13,2024-03-31,ILI incidence,FR,quantile,0.99,4,98.18883964915803
2024-03-13,2024-03-10,ILI incidence,NO,quantile,0.01,1,0.0
2024-03-13,2024-03-10,ILI incidence,NO,quantile,0.025,1,0.0
2024-03-13,2024-03-10,ILI incidence,NO,quantile,0.05,1,0.0
2024-03-13,2024-03-10,ILI incidence,NO,quantile,0.1,1,0.0
2024-03-13,2024-03-10,ILI incidence,NO,quantile,0.15,1,0.0
2024-03-13,2024-03-10,ILI incidence,NO,quantile,0.2,1,0.0
2024-03-13,2024-03-10,ILI incidence,NO,quantile,0.25,1,0.0
2024-03-13,2024-03-10,ILI incidence,NO,quantile,0.3,1,0.0
2024-03-13,2024-03-10,ILI incidence,NO,quantile,0.35,1,0.0
2024-03-13,2024-03-10,ILI incidence,NO,quantile,0.4,1,0.0
2024-03-13,2024-03-10,ILI incidence,NO,quantile,0.45,1,0.0
2024-03-13,2024-03-10,ILI incidence,NO,quantile,0.5,1,48.38959537636444
2024-03-13,2024-03-10,ILI incidence,NO,quantile,0.55,1,61.71269739651206
2024-03-13,2024-03-10,ILI incidence,NO,quantile,0.6,1,63.209082474415695
2024-03-13,2024-03-10,ILI incidence,NO,quantile,0.65,1,64.92987904359433
2024-03-13,2024-03-10,ILI incidence,NO,quantile,0.7,1,67.33825391387522
2024-03-13,2024-03-10,ILI incidence,NO,quantile,0.75,1,69.63002734951428
2024-03-13,2024-03-10,ILI incidence,NO,quantile,0.8,1,71.80057230945428
2024-03-13,2024-03-10,ILI incidence,NO,quantile,0.85,1,75.64564342800074
2024-03-13,2024-03-10,ILI incidence,NO,quantile,0.9,1,79.79424843990057
2024-03-13,2024-03-10,ILI incidence,NO,quantile,0.95,1,87.12440688274208
2024-03-13,2024-03-10,ILI incidence,NO,quantile,0.975,1,96.05899181217322
2024-03-13,2024-03-10,ILI incidence,NO,quantile,0.99,1,103.81247824133943
2024-03-13,2024-03-17,ILI incidence,NO,quantile,0.01,2,0.0
2024-03-13,2024-03-17,ILI incidence,NO,quantile,0.025,2,0.0
2024-03-13,2024-03-17,ILI incidence,NO,quantile,0.05,2,0.0
2024-03-13,2024-03-17,ILI incidence,NO,quantile,0.1,2,0.0
2024-03-13,2024-03-17,ILI incidence,NO,quantile,0.15,2,0.0
2024-03-13,2024-03-17,ILI incidence,NO,quantile,0.2,2,0.0
2024-03-13,2024-03-17,ILI incidence,NO,quantile,0.25,2,0.0
2024-03-13,2024-03-17,ILI incidence,NO,quantile,0.3,2,0.0
2024-03-13,2024-03-17,ILI incidence,NO,quantile,0.35,2,0.0
2024-03-13,2024-03-17,ILI incidence,NO,quantile,0.4,2,0.0
2024-03-13,2024-03-17,ILI incidence,NO,quantile,0.45,2,0.0
2024-03-13,2024-03-17,ILI incidence,NO,quantile,0.5,2,45.79845238432351
2024-03-13,2024-03-17,ILI incidence,NO,quantile,0.55,2,60.266747066132076
2024-03-13,2024-03-17,ILI incidence,NO,quantile,0.6,2,62.094890987838106
2024-03-13,2024-03-17,ILI incidence,NO,quantile,0.65,2,63.7083402044893
2024-03-13,2024-03-17,ILI incidence,NO,quantile,0.7,2,66.24904844900658
2024-03-13,2024-03-17,ILI incidence,NO,quantile,0.75,2,68.69999209701388
2024-03-13,2024-03-17,ILI incidence,NO,quantile,0.8,2,72.1263159998823
2024-03-13,2024-03-17,ILI incidence,NO,quantile,0.85,2,76.38874622178963
2024-03-13,2024-03-17,ILI incidence,NO,quantile,0.9,2,80.86216951590602
2024-03-13,2024-03-17,ILI incidence,NO,quantile,0.95,2,90.65715272992647
2024-03-13,2024-03-17,ILI incidence,NO,quantile,0.975,2,102.23470351123935
2024-03-13,2024-03-17,ILI incidence,NO,quantile,0.99,2,114.42422674277945
2024-03-13,2024-03-24,ILI incidence,NO,quantile,0.01,3,0.0
2024-03-13,2024-03-24,ILI incidence,NO,quantile,0.025,3,0.0
2024-03-13,2024-03-24,ILI incidence,NO,quantile,0.05,3,0.0
2024-03-13,2024-03-24,ILI incidence,NO,quantile,0.1,3,0.0
2024-03-13,2024-03-24,ILI incidence,NO,quantile,0.15,3,0.0
2024-03-13,2024-03-24,ILI incidence,NO,quantile,0.2,3,0.0
2024-03-13,2024-03-24,ILI incidence,NO,quantile,0.25,3,0.0
2024-03-13,2024-03-24,ILI incidence,NO,quantile,0.3,3,0.0
2024-03-13,2024-03-24,ILI incidence,NO,quantile,0.35,3,0.0
2024-03-13,2024-03-24,ILI incidence,NO,quantile,0.4,3,0.0
2024-03-13,2024-03-24,ILI incidence,NO,quantile,0.45,3,0.0
2024-03-13,2024-03-24,ILI incidence,NO,quantile,0.5,3,42.59653997273007
2024-03-13,2024-03-24,ILI incidence,NO,quantile,0.55,3,58.85596224778693
2024-03-13,2024-03-24,ILI incidence,NO,quantile,0.6,3,60.34031701894181
2024-03-13,2024-03-24,ILI incidence,NO,quantile,0.65,3,62.83938189394414
2024-03-13,2024-03-24,ILI incidence,NO,quantile,0.7,3,65.27089196951113
2024-03-13,2024-03-24,ILI incidence,NO,quantile,0.75,3,67.70286474918383
2024-03-13,2024-03-24,ILI incidence,NO,quantile,0.8,3,70.87886573085687
2024-03-13,2024-03-24,ILI incidence,NO,quantile,0.85,3,75.04875513161988
2024-03-13,2024-03-24,ILI incidence,NO,quantile,0.9,3,82.78054073822774
2024-03-13,2024-03-24,ILI incidence,NO,quantile,0.95,3,92.43532460821456
2024-03-13,2024-03-24,ILI incidence,NO,quantile,0.975,3,104.79530803230267
2024-03-13,2024-03-24,ILI incidence,NO,quantile,0.99,3,120.23467982078897
2024-03-13,2024-03-31,ILI incidence,NO,quantile,0.01,4,0.0
2024-03-13,2024-03-31,ILI incidence,NO,quantile,0.025,4,0.0
2024-03-13,2024-03-31,ILI incidence,NO,quantile,0.05,4,0.0
2024-03-13,2024-03-31,ILI incidence,NO,quantile,0.1,4,0.0
2024-03-13,2024-03-31,ILI incidence,NO,quantile,0.15,4,0.0
2024-03-13,2024-03-31,ILI incidence,NO,quantile,0.2,4,0.0
2024-03-13,2024-03-31,ILI incidence,NO,quantile,0.25,4,0.0
2024-03-13,2024-03-31,ILI incidence,NO,quantile,0.3,4,0.0
2024-03-13,2024-03-31,ILI incidence,NO,quantile,0.35,4,0.0
2024-03-13,2024-03-31,ILI incidence,NO,quantile,0.4,4,0.0
2024-03-13,2024-03-31,ILI incidence,NO,quantile,0.45,4,0.0
2024-03-13,2024-03-31,ILI incidence,NO,quantile,0.5,4,39.36686531479334
2024-03-13,2024-03-31,ILI incidence,NO,quantile,0.55,4,56.671998868781
2024-03-13,2024-03-31,ILI incidence,NO,quantile,0.6,4,58.73010673103066
2024-03-13,2024-03-31,ILI incidence,NO,quantile,0.65,4,60.51383105858741
2024-03-13,2024-03-31,ILI incidence,NO,quantile,0.7,4,64.06230884536632
2024-03-13,2024-03-31,ILI incidence,NO,quantile,0.75,4,67.91570863781577
2024-03-13,2024-03-31,ILI incidence,NO,quantile,0.8,4,72.60937908625563
2024-03-13,2024-03-31,ILI incidence,NO,quantile,0.85,4,77.00645620292795
2024-03-13,2024-03-31,ILI incidence,NO,quantile,0.9,4,82.72224002090682
2024-03-13,2024-03-31,ILI incidence,NO,quantile,0.95,4,94.8941342260191
2024-03-13,2024-03-31,ILI incidence,NO,quantile,0.975,4,106.71876899978736
2024-03-13,2024-03-31,ILI incidence,NO,quantile,0.99,4,122.97250001434364
2024-03-13,2024-03-10,ILI incidence,CZ,quantile,0.01,1,19.98792093578878
2024-03-13,2024-03-10,ILI incidence,CZ,quantile,0.025,1,22.747667435276725
2024-03-13,2024-03-10,ILI incidence,CZ,quantile,0.05,1,24.593397158794026
2024-03-13,2024-03-10,ILI incidence,CZ,quantile,0.1,1,28.152611022545685
2024-03-13,2024-03-10,ILI incidence,CZ,quantile,0.15,1,30.223348519058774
2024-03-13,2024-03-10,ILI incidence,CZ,quantile,0.2,1,32.02245929595115
2024-03-13,2024-03-10,ILI incidence,CZ,quantile,0.25,1,33.753544467054105
2024-03-13,2024-03-10,ILI incidence,CZ,quantile,0.3,1,34.90950406193736
2024-03-13,2024-03-10,ILI incidence,CZ,quantile,0.35,1,35.86471676421126
2024-03-13,2024-03-10,ILI incidence,CZ,quantile,0.4,1,37.06111115973859
2024-03-13,2024-03-10,ILI incidence,CZ,quantile,0.45,1,37.93260003950242
2024-03-13,2024-03-10,ILI incidence,CZ,quantile,0.5,1,47.74636400758538
2024-03-13,2024-03-10,ILI incidence,CZ,quantile,0.55,1,59.244118496609374
2024-03-13,2024-03-10,ILI incidence,CZ,quantile,0.6,1,60.86151052237196
2024-03-13,2024-03-10,ILI incidence,CZ,quantile,0.65,1,62.70153180344539
2024-03-13,2024-03-10,ILI incidence,CZ,quantile,0.7,1,64.66238178291403
2024-03-13,2024-03-10,ILI incidence,CZ,quantile,0.75,1,67.83532437463062
2024-03-13,2024-03-10,ILI incidence,CZ,quantile,0.8,1,71.21567370847441
2024-03-13,2024-03-10,ILI incidence,CZ,quantile,0.85,1,76.2303025436439
2024-03-13,2024-03-10,ILI incidence,CZ,quantile,0.9,1,83.7947023370744
2024-03-13,2024-03-10,ILI incidence,CZ,quantile,0.95,1,95.74818081453384
2024-03-13,2024-03-10,ILI incidence,CZ,quantile,0.975,1,112.48545298583888
2024-03-13,2024-03-10,ILI incidence,CZ,quantile,0.99,1,130.4673558913219
2024-03-13,2024-03-17,ILI incidence,CZ,quantile,0.01,2,10.760366436337355
2024-03-13,2024-03-17,ILI incidence,CZ,quantile,0.025,2,12.414791982454533
2024-03-13,2024-03-17,ILI incidence,CZ,quantile,0.05,2,14.079635436031765
2024-03-13,2024-03-17,ILI incidence,CZ,quantile,0.1,2,16.011705351512568
2024-03-13,2024-03-17,ILI incidence,CZ,quantile,0.15,2,17.419549969231497
2024-03-13,2024-03-17,ILI incidence,CZ,quantile,0.2,2,18.827394586950426
2024-03-13,2024-03-17,ILI incidence,CZ,quantile,0.25,2,20.01760483649689
2024-03-13,2024-03-17,ILI incidence,CZ,quantile,0.3,2,20.99469990147228
2024-03-13,2024-03-17,ILI incidence,CZ,quantile,0.35,2,21.99938577159304
2024-03-13,2024-03-17,ILI incidence,CZ,quantile,0.4,2,22.805227563252394
2024-03-13,2024-03-17,ILI incidence,CZ,quantile,0.45,2,23.588473436904774
2024-03-13,2024-03-17,ILI incidence,CZ,quantile,0.5,2,31.810295518454062
2024-03-13,2024-03-17,ILI incidence,CZ,quantile,0.55,2,42.884198156020865
2024-03-13,2024-03-17,ILI incidence,CZ,quantile,0.6,2,44.434515983067996
2024-03-13,2024-03-17,ILI incidence,CZ,quantile,0.65,2,46.22102061623017
2024-03-13,2024-03-17,ILI incidence,CZ,quantile,0.7,2,48.5017812243239
2024-03-13,2024-03-17,ILI incidence,CZ,quantile,0.75,2,51.74346297713541
2024-03-13,2024-03-17,ILI incidence,CZ,quantile,0.8,2,55.54409638590898
2024-03-13,2024-03-17,ILI incidence,CZ,quantile,0.85,2,59.831612364790786
2024-03-13,2024-03-17,ILI incidence,CZ,quantile,0.9,2,67.11558492316627
2024-03-13,2024-03-17,ILI incidence,CZ,quantile,0.95,2,79.62516083536556
2024-03-13,2024-03-17,ILI incidence,CZ,quantile,0.975,2,99.77191918215526
2024-03-13,2024-03-17,ILI incidence,CZ,quantile,0.99,2,132.38720022590113
2024-03-13,2024-03-24,ILI incidence,CZ,quantile,0.01,3,4.985230356583566
2024-03-13,2024-03-24,ILI incidence,CZ,quantile,0.025,3,6.135862071852546
2024-03-13,2024-03-24,ILI incidence,CZ,quantile,0.05,3,7.306568476382462
2024-03-13,2024-03-24,ILI incidence,CZ,quantile,0.1,3,8.83809601371853
2024-03-13,2024-03-24,ILI incidence,CZ,quantile,0.15,3,10.054232106030893
2024-03-13,2024-03-24,ILI incidence,CZ,quantile,0.2,3,10.826061094795538
2024-03-13,2024-03-24,ILI incidence,CZ,quantile,0.25,3,11.64284406780564
2024-03-13,2024-03-24,ILI incidence,CZ,quantile,0.3,3,12.325954346921835
2024-03-13,2024-03-24,ILI incidence,CZ,quantile,0.35,3,13.110389479416689
2024-03-13,2024-03-24,ILI incidence,CZ,quantile,0.4,3,13.938113633777538
2024-03-13,2024-03-24,ILI incidence,CZ,quantile,0.45,3,14.508957878164331
2024-03-13,2024-03-24,ILI incidence,CZ,quantile,0.5,3,21.097451865461906
2024-03-13,2024-03-24,ILI incidence,CZ,quantile,0.55,3,31.226369426800073
2024-03-13,2024-03-24,ILI incidence,CZ,quantile,0.6,3,32.7379174155826
2024-03-13,2024-03-24,ILI incidence,CZ,quantile,0.65,3,34.434751932022344
2024-03-13,2024-03-24,ILI incidence,CZ,quantile,0.7,3,36.283335876761576
2024-03-13,2024-03-24,ILI incidence,CZ,quantile,0.75,3,39.47982579355912
2024-03-13,2024-03-24,ILI incidence,CZ,quantile,0.8,3,43.26618809622303
2024-03-13,2024-03-24,ILI incidence,CZ,quantile,0.85,3,47.39386768667653
2024-03-13,2024-03-24,ILI incidence,CZ,quantile,0.9,3,54.41430048556011
2024-03-13,2024-03-24,ILI incidence,CZ,quantile,0.95,3,70.02546345892794
2024-03-13,2024-03-24,ILI incidence,CZ,quantile,0.975,3,88.65591678156511
2024-03-13,2024-03-24,ILI incidence,CZ,quantile,0.99,3,126.509264611805
2024-03-13,2024-03-31,ILI incidence,CZ,quantile,0.01,4,2.492401111700138
2024-03-13,2024-03-31,ILI incidence,CZ,quantile,0.025,4,3.0724502195276684
2024-03-13,2024-03-31,ILI incidence,CZ,quantile,0.05,4,3.7483060197047826
2024-03-13,2024-03-31,ILI incidence,CZ,quantile,0.1,4,5.069096890154725
2024-03-13,2024-03-31,ILI incidence,CZ,quantile,0.15,4,5.7890741933875685
2024-03-13,2024-03-31,ILI incidence,CZ,quantile,0.2,4,6.3906013159101525
2024-03-13,2024-03-31,ILI incidence,CZ,quantile,0.25,4,6.896512027497948
2024-03-13,2024-03-31,ILI incidence,CZ,quantile,0.3,4,7.316320398890736
2024-03-13,2024-03-31,ILI incidence,CZ,quantile,0.35,4,7.914041893117407
2024-03-13,2024-03-31,ILI incidence,CZ,quantile,0.4,4,8.360965366118567
2024-03-13,2024-03-31,ILI incidence,CZ,quantile,0.45,4,8.810029505036178
2024-03-13,2024-03-31,ILI incidence,CZ,quantile,0.5,4,14.004712128956
2024-03-13,2024-03-31,ILI incidence,CZ,quantile,0.55,4,22.787388680615308
2024-03-13,2024-03-31,ILI incidence,CZ,quantile,0.6,4,23.861289415367963
2024-03-13,2024-03-31,ILI incidence,CZ,quantile,0.65,4,25.30124402183365
2024-03-13,2024-03-31,ILI incidence,CZ,quantile,0.7,4,27.22165920065822
2024-03-13,2024-03-31,ILI incidence,CZ,quantile,0.75,4,29.959808759566872
2024-03-13,2024-03-31,ILI incidence,CZ,quantile,0.8,4,33.01097124581428
2024-03-13,2024-03-31,ILI incidence,CZ,quantile,0.85,4,38.95845471701919
2024-03-13,2024-03-31,ILI incidence,CZ,quantile,0.9,4,46.193191959316316
2024-03-13,2024-03-31,ILI incidence,CZ,quantile,0.95,4,62.96340660055783
2024-03-13,2024-03-31,ILI incidence,CZ,quantile,0.975,4,75.85366426823286
2024-03-13,2024-03-31,ILI incidence,CZ,quantile,0.99,4,108.9397253173599
2024-03-13,2024-03-10,ILI incidence,AT,quantile,0.01,1,654.9424092078915
2024-03-13,2024-03-10,ILI incidence,AT,quantile,0.025,1,730.5739655502088
2024-03-13,2024-03-10,ILI incidence,AT,quantile,0.05,1,833.2053737208989
2024-03-13,2024-03-10,ILI incidence,AT,quantile,0.1,1,898.1559917714311
2024-03-13,2024-03-10,ILI incidence,AT,quantile,0.15,1,960.0563141848219
2024-03-13,2024-03-10,ILI incidence,AT,quantile,0.2,1,996.9081221588763
2024-03-13,2024-03-10,ILI incidence,AT,quantile,0.25,1,1039.7316277830093
2024-03-13,2024-03-10,ILI incidence,AT,quantile,0.3,1,1064.540287999914
2024-03-13,2024-03-10,ILI incidence,AT,quantile,0.35,1,1088.4685487227987
2024-03-13,2024-03-10,ILI incidence,AT,quantile,0.4,1,1114.6227462949807
2024-03-13,2024-03-10,ILI incidence,AT,quantile,0.45,1,1140.1481671438721
2024-03-13,2024-03-10,ILI incidence,AT,quantile,0.5,1,1365.5550955236254
2024-03-13,2024-03-10,ILI incidence,AT,quantile,0.55,1,1624.1375615523098
2024-03-13,2024-03-10,ILI incidence,AT,quantile,0.6,1,1654.0167848639878
2024-03-13,2024-03-10,ILI incidence,AT,quantile,0.65,1,1690.4440844887617
2024-03-13,2024-03-10,ILI incidence,AT,quantile,0.7,1,1722.788818668639
2024-03-13,2024-03-10,ILI incidence,AT,quantile,0.75,1,1775.0277233373452
2024-03-13,2024-03-10,ILI incidence,AT,quantile,0.8,1,1827.5961473583645
2024-03-13,2024-03-10,ILI incidence,AT,quantile,0.85,1,1900.3392256026225
2024-03-13,2024-03-10,ILI incidence,AT,quantile,0.9,1,1973.4998071078892
2024-03-13,2024-03-10,ILI incidence,AT,quantile,0.95,1,2118.6295447051284
2024-03-13,2024-03-10,ILI incidence,AT,quantile,0.975,1,2249.066249753701
2024-03-13,2024-03-10,ILI incidence,AT,quantile,0.99,1,2433.857620291936
2024-03-13,2024-03-17,ILI incidence,AT,quantile,0.01,2,317.24761451526024
2024-03-13,2024-03-17,ILI incidence,AT,quantile,0.025,2,368.7394405299388
2024-03-13,2024-03-17,ILI incidence,AT,quantile,0.05,2,407.846606724033
2024-03-13,2024-03-17,ILI incidence,AT,quantile,0.1,2,455.85415787294585
2024-03-13,2024-03-17,ILI incidence,AT,quantile,0.15,2,492.12286229924257
2024-03-13,2024-03-17,ILI incidence,AT,quantile,0.2,2,508.837283119665
2024-03-13,2024-03-17,ILI incidence,AT,quantile,0.25,2,529.838257555464
2024-03-13,2024-03-17,ILI incidence,AT,quantile,0.3,2,547.8533831662236
2024-03-13,2024-03-17,ILI incidence,AT,quantile,0.35,2,564.2615415273962
2024-03-13,2024-03-17,ILI incidence,AT,quantile,0.4,2,577.7370897343961
2024-03-13,2024-03-17,ILI incidence,AT,quantile,0.45,2,590.833242360587
2024-03-13,2024-03-17,ILI incidence,AT,quantile,0.5,2,716.553281373885
2024-03-13,2024-03-17,ILI incidence,AT,quantile,0.55,2,853.5856973358024
2024-03-13,2024-03-17,ILI incidence,AT,quantile,0.6,2,872.6815679651596
2024-03-13,2024-03-17,ILI incidence,AT,quantile,0.65,2,892.6312187531033
2024-03-13,2024-03-17,ILI incidence,AT,quantile,0.7,2,916.0200876790474
2024-03-13,2024-03-17,ILI incidence,AT,quantile,0.75,2,940.6502582467823
2024-03-13,2024-03-17,ILI incidence,AT,quantile,0.8,2,972.1347675868625
2024-03-13,2024-03-17,ILI incidence,AT,quantile,0.85,2,1011.8903247514091
2024-03-13,2024-03-17,ILI incidence,AT,quantile,0.9,2,1063.669975833006
2024-03-13,2024-03-17,ILI incidence,AT,quantile,0.95,2,1145.054811173082
2024-03-13,2024-03-17,ILI incidence,AT,quantile,0.975,2,1245.6751986026586
2024-03-13,2024-03-17,ILI incidence,AT,quantile,0.99,2,1337.3967702171892
2024-03-13,2024-03-24,ILI incidence,AT,quantile,0.01,3,136.19757756201858
2024-03-13,2024-03-24,ILI incidence,AT,quantile,0.025,3,157.2502215289115
2024-03-13,2024-03-24,ILI incidence,AT,quantile,0.05,3,182.76471444009843
2024-03-13,2024-03-24,ILI incidence,AT,quantile,0.1,3,206.4590052146998
2024-03-13,2024-03-24,ILI incidence,AT,quantile,0.15,3,221.54712474190455
2024-03-13,2024-03-24,ILI incidence,AT,quantile,0.2,3,239.17725070123734
2024-03-13,2024-03-24,ILI incidence,AT,quantile,0.25,3,247.43512895975223
2024-03-13,2024-03-24,ILI incidence,AT,quantile,0.3,3,255.60166086720076
2024-03-13,2024-03-24,ILI incidence,AT,quantile,0.35,3,264.3644658883584
2024-03-13,2024-03-24,ILI incidence,AT,quantile,0.4,3,272.095561508822
2024-03-13,2024-03-24,ILI incidence,AT,quantile,0.45,3,278.1583253064362
2024-03-13,2024-03-24,ILI incidence,AT,quantile,0.5,3,345.076252347265
2024-03-13,2024-03-24,ILI incidence,AT,quantile,0.55,3,424.80256298807257
2024-03-13,2024-03-24,ILI incidence,AT,quantile,0.6,3,434.6674084961746
2024-03-13,2024-03-24,ILI incidence,AT,quantile,0.65,3,448.6859911460168
2024-03-13,2024-03-24,ILI incidence,AT,quantile,0.7,3,457.4277809023585
2024-03-13,2024-03-24,ILI incidence,AT,quantile,0.75,3,473.0984435702593
2024-03-13,2024-03-24,ILI incidence,AT,quantile,0.8,3,487.4207668475735
2024-03-13,2024-03-24,ILI incidence,AT,quantile,0.85,3,511.61914377422494
2024-03-13,2024-03-24,ILI incidence,AT,quantile,0.9,3,543.5180741364743
2024-03-13,2024-03-24,ILI incidence,AT,quantile,0.95,3,605.1082112411829
2024-03-13,2024-03-24,ILI incidence,AT,quantile,0.975,3,660.8384519046331
2024-03-13,2024-03-24,ILI incidence,AT,quantile,0.99,3,734.5297388973834
2024-03-13,2024-03-31,ILI incidence,AT,quantile,0.01,4,51.892292901009924
2024-03-13,2024-03-31,ILI incidence,AT,quantile,0.025,4,63.550020701436864
2024-03-13,2024-03-31,ILI incidence,AT,quantile,0.05,4,74.20658128603557
2024-03-13,2024-03-31,ILI incidence,AT,quantile,0.1,4,83.79318468797544
2024-03-13,2024-03-31,ILI incidence,AT,quantile,0.15,4,92.56047296562711
2024-03-13,2024-03-31,ILI incidence,AT,quantile,0.2,4,99.34896390821609
2024-03-13,2024-03-31,ILI incidence,AT,quantile,0.25,4,104.63780555354431
2024-03-13,2024-03-31,ILI incidence,AT,quantile,0.3,4,108.84674279086751
2024-03-13,2024-03-31,ILI incidence,AT,quantile,0.35,4,112.68413014624606
2024-03-13,2024-03-31,ILI incidence,AT,quantile,0.4,4,116.97488681458574
2024-03-13,2024-03-31,ILI incidence,AT,quantile,0.45,4,120.91090581283345
2024-03-13,2024-03-31,ILI incidence,AT,quantile,0.5,4,156.7346470320954
2024-03-13,2024-03-31,ILI incidence,AT,quantile,0.55,4,197.6337148061563
2024-03-13,2024-03-31,ILI incidence,AT,quantile,0.6,4,203.21480873419063
2024-03-13,2024-03-31,ILI incidence,AT,quantile,0.65,4,209.11337326271013
2024-03-13,2024-03-31,ILI incidence,AT,quantile,0.7,4,214.8185973549235
2024-03-13,2024-03-31,ILI incidence,AT,quantile,0.75,4,222.87528947826777
2024-03-13,2024-03-31,ILI incidence,AT,quantile,0.8,4,231.66555444545145
2024-03-13,2024-03-31,ILI incidence,AT,quantile,0.85,4,244.08781757987984
2024-03-13,2024-03-31,ILI incidence,AT,quantile,0.9,4,259.48023814161843
2024-03-13,2024-03-31,ILI incidence,AT,quantile,0.95,4,283.54747981581886
2024-03-13,2024-03-31,ILI incidence,AT,quantile,0.975,4,307.4782623704815
2024-03-13,2024-03-31,ILI incidence,AT,quantile,0.99,4,335.70299591373583
2024-03-13,2024-03-10,ILI incidence,HU,quantile,0.01,1,215.1850133844378
2024-03-13,2024-03-10,ILI incidence,HU,quantile,0.025,1,240.04846554774028
2024-03-13,2024-03-10,ILI incidence,HU,quantile,0.05,1,258.8958209575002
2024-03-13,2024-03-10,ILI incidence,HU,quantile,0.1,1,278.0030946105495
2024-03-13,2024-03-10,ILI incidence,HU,quantile,0.15,1,291.79974549382354
2024-03-13,2024-03-10,ILI incidence,HU,quantile,0.2,1,303.1200282107202
2024-03-13,2024-03-10,ILI incidence,HU,quantile,0.25,1,310.3789435480748
2024-03-13,2024-03-10,ILI incidence,HU,quantile,0.3,1,318.17391612418976
2024-03-13,2024-03-10,ILI incidence,HU,quantile,0.35,1,324.6138122125065
2024-03-13,2024-03-10,ILI incidence,HU,quantile,0.4,1,331.86526085441244
2024-03-13,2024-03-10,ILI incidence,HU,quantile,0.45,1,337.68902583208853
2024-03-13,2024-03-10,ILI incidence,HU,quantile,0.5,1,389.086925105646
2024-03-13,2024-03-10,ILI incidence,HU,quantile,0.55,1,458.0359357118552
2024-03-13,2024-03-10,ILI incidence,HU,quantile,0.6,1,470.97031200694056
2024-03-13,2024-03-10,ILI incidence,HU,quantile,0.65,1,481.80706182547425
2024-03-13,2024-03-10,ILI incidence,HU,quantile,0.7,1,497.364822945598
2024-03-13,2024-03-10,ILI incidence,HU,quantile,0.75,1,511.81622577803995
2024-03-13,2024-03-10,ILI incidence,HU,quantile,0.8,1,527.8376944327495
2024-03-13,2024-03-10,ILI incidence,HU,quantile,0.85,1,549.5606287431317
2024-03-13,2024-03-10,ILI incidence,HU,quantile,0.9,1,588.437394693847
2024-03-13,2024-03-10,ILI incidence,HU,quantile,0.95,1,665.5413240912466
2024-03-13,2024-03-10,ILI incidence,HU,quantile,0.975,1,720.3074754289075
2024-03-13,2024-03-10,ILI incidence,HU,quantile,0.99,1,900.8673107455326
2024-03-13,2024-03-17,ILI incidence,HU,quantile,0.01,2,149.33159172232874
2024-03-13,2024-03-17,ILI incidence,HU,quantile,0.025,2,167.23286532429557
2024-03-13,2024-03-17,ILI incidence,HU,quantile,0.05,2,187.23768726472187
2024-03-13,2024-03-17,ILI incidence,HU,quantile,0.1,2,206.9664989458056
2024-03-13,2024-03-17,ILI incidence,HU,quantile,0.15,2,218.2852368291612
2024-03-13,2024-03-17,ILI incidence,HU,quantile,0.2,2,227.0586039813038
2024-03-13,2024-03-17,ILI incidence,HU,quantile,0.25,2,235.08890620017914
2024-03-13,2024-03-17,ILI incidence,HU,quantile,0.3,2,243.18769603937636
2024-03-13,2024-03-17,ILI incidence,HU,quantile,0.35,2,250.86423137734062
2024-03-13,2024-03-17,ILI incidence,HU,quantile,0.4,2,255.92330375217406
2024-03-13,2024-03-17,ILI incidence,HU,quantile,0.45,2,261.84902774356254
2024-03-13,2024-03-17,ILI incidence,HU,quantile,0.5,2,319.41493240220376
2024-03-13,2024-03-17,ILI incidence,HU,quantile,0.55,2,394.9866443990927
2024-03-13,2024-03-17,ILI incidence,HU,quantile,0.6,2,405.4673100864036
2024-03-13,2024-03-17,ILI incidence,HU,quantile,0.65,2,417.348882323232
2024-03-13,2024-03-17,ILI incidence,HU,quantile,0.7,2,431.98283298578014
2024-03-13,2024-03-17,ILI incidence,HU,quantile,0.75,2,450.9098760590349
2024-03-13,2024-03-17,ILI incidence,HU,quantile,0.8,2,478.4771731276411
2024-03-13,2024-03-17,ILI incidence,HU,quantile,0.85,2,512.5747390467183
2024-03-13,2024-03-17,ILI incidence,HU,quantile,0.9,2,563.915736951512
2024-03-13,2024-03-17,ILI incidence,HU,quantile,0.95,2,671.0865040870116
2024-03-13,2024-03-17,ILI incidence,HU,quantile,0.975,2,778.9478118153812
2024-03-13,2024-03-17,ILI incidence,HU,quantile,0.99,2,928.5186982532248
2024-03-13,2024-03-24,ILI incidence,HU,quantile,0.01,3,98.13761047619597
2024-03-13,2024-03-24,ILI incidence,HU,quantile,0.025,3,116.68732795703798
2024-03-13,2024-03-24,ILI incidence,HU,quantile,0.05,3,132.03434803493053
2024-03-13,2024-03-24,ILI incidence,HU,quantile,0.1,3,146.68091483806435
2024-03-13,2024-03-24,ILI incidence,HU,quantile,0.15,3,159.85113572042385
2024-03-13,2024-03-24,ILI incidence,HU,quantile,0.2,3,169.55886969267286
2024-03-13,2024-03-24,ILI incidence,HU,quantile,0.25,3,177.19626924759604
2024-03-13,2024-03-24,ILI incidence,HU,quantile,0.3,3,182.47676776331994
2024-03-13,2024-03-24,ILI incidence,HU,quantile,0.35,3,188.65635939996193
2024-03-13,2024-03-24,ILI incidence,HU,quantile,0.4,3,193.12479041758294
2024-03-13,2024-03-24,ILI incidence,HU,quantile,0.45,3,198.74901439620078
2024-03-13,2024-03-24,ILI incidence,HU,quantile,0.5,3,255.93772219855765
2024-03-13,2024-03-24,ILI incidence,HU,quantile,0.55,3,336.2559352504649
2024-03-13,2024-03-24,ILI incidence,HU,quantile,0.6,3,349.2642060832662
2024-03-13,2024-03-24,ILI incidence,HU,quantile,0.65,3,366.27153600945195
2024-03-13,2024-03-24,ILI incidence,HU,quantile,0.7,3,386.08891814689184
2024-03-13,2024-03-24,ILI incidence,HU,quantile,0.75,3,408.2943554666097
2024-03-13,2024-03-24,ILI incidence,HU,quantile,0.8,3,432.8932548859995
2024-03-13,2024-03-24,ILI incidence,HU,quantile,0.85,3,464.35301753365474
2024-03-13,2024-03-24,ILI incidence,HU,quantile,0.9,3,514.2678766077597
2024-03-13,2024-03-24,ILI incidence,HU,quantile,0.95,3,656.0339035348262
2024-03-13,2024-03-24,ILI incidence,HU,quantile,0.975,3,759.6915904617446
2024-03-13,2024-03-24,ILI incidence,HU,quantile,0.99,3,900.9119049404178
2024-03-13,2024-03-31,ILI incidence,HU,quantile,0.01,4,64.5981414210656
2024-03-13,2024-03-31,ILI incidence,HU,quantile,0.025,4,76.86988711592359
2024-03-13,2024-03-31,ILI incidence,HU,quantile,0.05,4,88.4697847037586
2024-03-13,2024-03-31,ILI incidence,HU,quantile,0.1,4,101.66137578343658
2024-03-13,2024-03-31,ILI incidence,HU,quantile,0.15,4,113.50329729271012
2024-03-13,2024-03-31,ILI incidence,HU,quantile,0.2,4,121.49497867305801
2024-03-13,2024-03-31,ILI incidence,HU,quantile,0.25,4,128.64343841222419
2024-03-13,2024-03-31,ILI incidence,HU,quantile,0.3,4,134.49011842075993
2024-03-13,2024-03-31,ILI incidence,HU,quantile,0.35,4,139.53966432208998
2024-03-13,2024-03-31,ILI incidence,HU,quantile,0.4,4,145.15873885557082
2024-03-13,2024-03-31,ILI incidence,HU,quantile,0.45,4,150.36920491743172
2024-03-13,2024-03-31,ILI incidence,HU,quantile,0.5,4,203.90772853443497
2024-03-13,2024-03-31,ILI incidence,HU,quantile,0.55,4,282.7096874657562
2024-03-13,2024-03-31,ILI incidence,HU,quantile,0.6,4,294.9457990002661
2024-03-13,2024-03-31,ILI incidence,HU,quantile,0.65,4,310.2818765072426
2024-03-13,2024-03-31,ILI incidence,HU,quantile,0.7,4,323.3089428147938
2024-03-13,2024-03-31,ILI incidence,HU,quantile,0.75,4,345.580550504522
2024-03-13,2024-03-31,ILI incidence,HU,quantile,0.8,4,369.57361770354527
2024-03-13,2024-03-31,ILI incidence,HU,quantile,0.85,4,412.0655516126827
2024-03-13,2024-03-31,ILI incidence,HU,quantile,0.9,4,491.14944266525396
2024-03-13,2024-03-31,ILI incidence,HU,quantile,0.95,4,616.0479471016029
2024-03-13,2024-03-31,ILI incidence,HU,quantile,0.975,4,774.5284292626902
2024-03-13,2024-03-31,ILI incidence,HU,quantile,0.99,4,929.3312806958394
2024-03-13,2024-03-10,ILI incidence,GR,quantile,0.01,1,194.41081443947212
2024-03-13,2024-03-10,ILI incidence,GR,quantile,0.025,1,238.69970402191672
2024-03-13,2024-03-10,ILI incidence,GR,quantile,0.05,1,283.6388818469584
2024-03-13,2024-03-10,ILI incidence,GR,quantile,0.1,1,318.884408859506
2024-03-13,2024-03-10,ILI incidence,GR,quantile,0.15,1,348.4058675577538
2024-03-13,2024-03-10,ILI incidence,GR,quantile,0.2,1,380.8645133421819
2024-03-13,2024-03-10,ILI incidence,GR,quantile,0.25,1,400.3927865442366
2024-03-13,2024-03-10,ILI incidence,GR,quantile,0.3,1,425.91223210134865
2024-03-13,2024-03-10,ILI incidence,GR,quantile,0.35,1,443.2720800262854
2024-03-13,2024-03-10,ILI incidence,GR,quantile,0.4,1,460.0469796755844
2024-03-13,2024-03-10,ILI incidence,GR,quantile,0.45,1,474.0819088422734
2024-03-13,2024-03-10,ILI incidence,GR,quantile,0.5,1,616.431130047309
2024-03-13,2024-03-10,ILI incidence,GR,quantile,0.55,1,812.8227267818617
2024-03-13,2024-03-10,ILI incidence,GR,quantile,0.6,1,833.5867151832276
2024-03-13,2024-03-10,ILI incidence,GR,quantile,0.65,1,864.8292716924861
2024-03-13,2024-03-10,ILI incidence,GR,quantile,0.7,1,901.1477623382918
2024-03-13,2024-03-10,ILI incidence,GR,quantile,0.75,1,934.806700922361
2024-03-13,2024-03-10,ILI incidence,GR,quantile,0.8,1,979.1344833422813
2024-03-13,2024-03-10,ILI incidence,GR,quantile,0.85,1,1027.995375557855
2024-03-13,2024-03-10,ILI incidence,GR,quantile,0.9,1,1126.6548962181132
2024-03-13,2024-03-10,ILI incidence,GR,quantile,0.95,1,1313.0655138239265
2024-03-13,2024-03-10,ILI incidence,GR,quantile,0.975,1,1570.582051297762
2024-03-13,2024-03-10,ILI incidence,GR,quantile,0.99,1,1872.2646727238332
2024-03-13,2024-03-17,ILI incidence,GR,quantile,0.01,2,134.12739503289882
2024-03-13,2024-03-17,ILI incidence,GR,quantile,0.025,2,176.37243608841737
2024-03-13,2024-03-17,ILI incidence,GR,quantile,0.05,2,209.73483174551632
2024-03-13,2024-03-17,ILI incidence,GR,quantile,0.1,2,239.80868840619115
2024-03-13,2024-03-17,ILI incidence,GR,quantile,0.15,2,266.4937223848887
2024-03-13,2024-03-17,ILI incidence,GR,quantile,0.2,2,289.1118819365675
2024-03-13,2024-03-17,ILI incidence,GR,quantile,0.25,2,313.0155395195267
2024-03-13,2024-03-17,ILI incidence,GR,quantile,0.3,2,327.6528888211502
2024-03-13,2024-03-17,ILI incidence,GR,quantile,0.35,2,342.2126917883602
2024-03-13,2024-03-17,ILI incidence,GR,quantile,0.4,2,362.85174442872665
2024-03-13,2024-03-17,ILI incidence,GR,quantile,0.45,2,373.14338757619646
2024-03-13,2024-03-17,ILI incidence,GR,quantile,0.5,2,523.839849395445
2024-03-13,2024-03-17,ILI incidence,GR,quantile,0.55,2,722.3888617423532
2024-03-13,2024-03-17,ILI incidence,GR,quantile,0.6,2,750.0224022743862
2024-03-13,2024-03-17,ILI incidence,GR,quantile,0.65,2,778.9524505024619
2024-03-13,2024-03-17,ILI incidence,GR,quantile,0.7,2,822.6139088637183
2024-03-13,2024-03-17,ILI incidence,GR,quantile,0.75,2,856.1019583034316
2024-03-13,2024-03-17,ILI incidence,GR,quantile,0.8,2,932.158637206463
2024-03-13,2024-03-17,ILI incidence,GR,quantile,0.85,2,1017.3564492892925
2024-03-13,2024-03-17,ILI incidence,GR,quantile,0.9,2,1111.8133894373084
2024-03-13,2024-03-17,ILI incidence,GR,quantile,0.95,2,1269.7099326706343
2024-03-13,2024-03-17,ILI incidence,GR,quantile,0.975,2,1489.4494382581831
2024-03-13,2024-03-17,ILI incidence,GR,quantile,0.99,2,1762.7500534208082
2024-03-13,2024-03-24,ILI incidence,GR,quantile,0.01,3,95.99561260072406
2024-03-13,2024-03-24,ILI incidence,GR,quantile,0.025,3,114.73159681880044
2024-03-13,2024-03-24,ILI incidence,GR,quantile,0.05,3,138.15094882248283
2024-03-13,2024-03-24,ILI incidence,GR,quantile,0.1,3,168.95527280608974
2024-03-13,2024-03-24,ILI incidence,GR,quantile,0.15,3,189.87196047089967
2024-03-13,2024-03-24,ILI incidence,GR,quantile,0.2,3,205.49395674714378
2024-03-13,2024-03-24,ILI incidence,GR,quantile,0.25,3,217.00288587247476
2024-03-13,2024-03-24,ILI incidence,GR,quantile,0.3,3,233.70502599812664
2024-03-13,2024-03-24,ILI incidence,GR,quantile,0.35,3,247.56356118807878
2024-03-13,2024-03-24,ILI incidence,GR,quantile,0.4,3,263.1482203403461
2024-03-13,2024-03-24,ILI incidence,GR,quantile,0.45,3,279.8326492661628
2024-03-13,2024-03-24,ILI incidence,GR,quantile,0.5,3,420.8324685161882
2024-03-13,2024-03-24,ILI incidence,GR,quantile,0.55,3,631.9509279136943
2024-03-13,2024-03-24,ILI incidence,GR,quantile,0.6,3,662.7109738977124
2024-03-13,2024-03-24,ILI incidence,GR,quantile,0.65,3,689.8543450072798
2024-03-13,2024-03-24,ILI incidence,GR,quantile,0.7,3,718.6367201232164
2024-03-13,2024-03-24,ILI incidence,GR,quantile,0.75,3,767.1749812931436
2024-03-13,2024-03-24,ILI incidence,GR,quantile,0.8,3,816.3494096139073
2024-03-13,2024-03-24,ILI incidence,GR,quantile,0.85,3,888.667589308486
2024-03-13,2024-03-24,ILI incidence,GR,quantile,0.9,3,962.5122829564262
2024-03-13,2024-03-24,ILI incidence,GR,quantile,0.95,3,1153.6156504969474
2024-03-13,2024-03-24,ILI incidence,GR,quantile,0.975,3,1389.4164619188143
2024-03-13,2024-03-24,ILI incidence,GR,quantile,0.99,3,1654.7499331761217
2024-03-13,2024-03-31,ILI incidence,GR,quantile,0.01,4,56.517731112967965
2024-03-13,2024-03-31,ILI incidence,GR,quantile,0.025,4,71.36249292509369
2024-03-13,2024-03-31,ILI incidence,GR,quantile,0.05,4,92.06377410542176
2024-03-13,2024-03-31,ILI incidence,GR,quantile,0.1,4,123.12730389202181
2024-03-13,2024-03-31,ILI incidence,GR,quantile,0.15,4,142.3607095508746
2024-03-13,2024-03-31,ILI incidence,GR,quantile,0.2,4,155.1185176051241
2024-03-13,2024-03-31,ILI incidence,GR,quantile,0.25,4,167.13269460683432
2024-03-13,2024-03-31,ILI incidence,GR,quantile,0.3,4,177.4509045540569
2024-03-13,2024-03-31,ILI incidence,GR,quantile,0.35,4,189.59193204107314
2024-03-13,2024-03-31,ILI incidence,GR,quantile,0.4,4,200.6803398405877
2024-03-13,2024-03-31,ILI incidence,GR,quantile,0.45,4,208.87248778597365
2024-03-13,2024-03-31,ILI incidence,GR,quantile,0.5,4,327.9348319752832
2024-03-13,2024-03-31,ILI incidence,GR,quantile,0.55,4,524.9594844336742
2024-03-13,2024-03-31,ILI incidence,GR,quantile,0.6,4,550.6115246490119
2024-03-13,2024-03-31,ILI incidence,GR,quantile,0.65,4,580.6346411155644
2024-03-13,2024-03-31,ILI incidence,GR,quantile,0.7,4,606.2620292554557
2024-03-13,2024-03-31,ILI incidence,GR,quantile,0.75,4,638.0627279000605
2024-03-13,2024-03-31,ILI incidence,GR,quantile,0.8,4,685.8379714338452
2024-03-13,2024-03-31,ILI incidence,GR,quantile,0.85,4,758.4838083253745
2024-03-13,2024-03-31,ILI incidence,GR,quantile,0.9,4,842.1632440331447
2024-03-13,2024-03-31,ILI incidence,GR,quantile,0.95,4,1011.6199352670008
2024-03-13,2024-03-31,ILI incidence,GR,quantile,0.975,4,1198.181816093028
2024-03-13,2024-03-31,ILI incidence,GR,quantile,0.99,4,1420.5710607802425
2024-03-13,2024-03-10,ILI incidence,LV,quantile,0.01,1,168.51679308574617
2024-03-13,2024-03-10,ILI incidence,LV,quantile,0.025,1,193.60156164117473
2024-03-13,2024-03-10,ILI incidence,LV,quantile,0.05,1,210.58995926199862
2024-03-13,2024-03-10,ILI incidence,LV,quantile,0.1,1,235.22540377795067
2024-03-13,2024-03-10,ILI incidence,LV,quantile,0.15,1,252.8114770807385
2024-03-13,2024-03-10,ILI incidence,LV,quantile,0.2,1,268.6712282128537
2024-03-13,2024-03-10,ILI incidence,LV,quantile,0.25,1,277.89918065067667
2024-03-13,2024-03-10,ILI incidence,LV,quantile,0.3,1,288.51459449305895
2024-03-13,2024-03-10,ILI incidence,LV,quantile,0.35,1,297.81458819611873
2024-03-13,2024-03-10,ILI incidence,LV,quantile,0.4,1,308.7528536345619
2024-03-13,2024-03-10,ILI incidence,LV,quantile,0.45,1,316.63736988547043
2024-03-13,2024-03-10,ILI incidence,LV,quantile,0.5,1,392.0645745883242
2024-03-13,2024-03-10,ILI incidence,LV,quantile,0.55,1,482.09614467166796
2024-03-13,2024-03-10,ILI incidence,LV,quantile,0.6,1,493.1358015204442
2024-03-13,2024-03-10,ILI incidence,LV,quantile,0.65,1,509.99212348833413
2024-03-13,2024-03-10,ILI incidence,LV,quantile,0.7,1,524.4764200934295
2024-03-13,2024-03-10,ILI incidence,LV,quantile,0.75,1,539.9626239243172
2024-03-13,2024-03-10,ILI incidence,LV,quantile,0.8,1,566.9807665830988
2024-03-13,2024-03-10,ILI incidence,LV,quantile,0.85,1,596.3882778722318
2024-03-13,2024-03-10,ILI incidence,LV,quantile,0.9,1,655.1939617679674
2024-03-13,2024-03-10,ILI incidence,LV,quantile,0.95,1,740.126611189556
2024-03-13,2024-03-10,ILI incidence,LV,quantile,0.975,1,875.8136660679237
2024-03-13,2024-03-10,ILI incidence,LV,quantile,0.99,1,991.7168554147817
2024-03-13,2024-03-17,ILI incidence,LV,quantile,0.01,2,111.87554898112306
2024-03-13,2024-03-17,ILI incidence,LV,quantile,0.025,2,134.3896450553544
2024-03-13,2024-03-17,ILI incidence,LV,quantile,0.05,2,152.12180203487225
2024-03-13,2024-03-17,ILI incidence,LV,quantile,0.1,2,181.36788752597488
2024-03-13,2024-03-17,ILI incidence,LV,quantile,0.15,2,196.36314347524927
2024-03-13,2024-03-17,ILI incidence,LV,quantile,0.2,2,208.69554080577356
2024-03-13,2024-03-17,ILI incidence,LV,quantile,0.25,2,220.41291918677686
2024-03-13,2024-03-17,ILI incidence,LV,quantile,0.3,2,230.08912838607284
2024-03-13,2024-03-17,ILI incidence,LV,quantile,0.35,2,239.9681204060352
2024-03-13,2024-03-17,ILI incidence,LV,quantile,0.4,2,251.151859785285
2024-03-13,2024-03-17,ILI incidence,LV,quantile,0.45,2,259.7221021534468
2024-03-13,2024-03-17,ILI incidence,LV,quantile,0.5,2,348.70640569584924
2024-03-13,2024-03-17,ILI incidence,LV,quantile,0.55,2,452.4551663192676
2024-03-13,2024-03-17,ILI incidence,LV,quantile,0.6,2,466.1870319318906
2024-03-13,2024-03-17,ILI incidence,LV,quantile,0.65,2,483.08737911742514
2024-03-13,2024-03-17,ILI incidence,LV,quantile,0.7,2,504.81715926882913
2024-03-13,2024-03-17,ILI incidence,LV,quantile,0.75,2,526.2814540168608
2024-03-13,2024-03-17,ILI incidence,LV,quantile,0.8,2,558.789407906182
2024-03-13,2024-03-17,ILI incidence,LV,quantile,0.85,2,597.0940154520509
2024-03-13,2024-03-17,ILI incidence,LV,quantile,0.9,2,662.4007564866489
2024-03-13,2024-03-17,ILI incidence,LV,quantile,0.95,2,782.2053805753269
2024-03-13,2024-03-17,ILI incidence,LV,quantile,0.975,2,892.852092345162
2024-03-13,2024-03-17,ILI incidence,LV,quantile,0.99,2,1108.8260689056026
2024-03-13,2024-03-24,ILI incidence,LV,quantile,0.01,3,83.9803706229595
2024-03-13,2024-03-24,ILI incidence,LV,quantile,0.025,3,99.70644518513538
2024-03-13,2024-03-24,ILI incidence,LV,quantile,0.05,3,114.93917049019012
2024-03-13,2024-03-24,ILI incidence,LV,quantile,0.1,3,138.14579657894708
2024-03-13,2024-03-24,ILI incidence,LV,quantile,0.15,3,157.53023331764436
2024-03-13,2024-03-24,ILI incidence,LV,quantile,0.2,3,168.19234057268002
2024-03-13,2024-03-24,ILI incidence,LV,quantile,0.25,3,181.4906244963782
2024-03-13,2024-03-24,ILI incidence,LV,quantile,0.3,3,192.1100406312736
2024-03-13,2024-03-24,ILI incidence,LV,quantile,0.35,3,201.1005237133163
2024-03-13,2024-03-24,ILI incidence,LV,quantile,0.4,3,209.16514312731664
2024-03-13,2024-03-24,ILI incidence,LV,quantile,0.45,3,217.2791241489792
2024-03-13,2024-03-24,ILI incidence,LV,quantile,0.5,3,304.14754904942885
2024-03-13,2024-03-24,ILI incidence,LV,quantile,0.55,3,424.67125169296975
2024-03-13,2024-03-24,ILI incidence,LV,quantile,0.6,3,440.20948532652847
2024-03-13,2024-03-24,ILI incidence,LV,quantile,0.65,3,456.2706851818054
2024-03-13,2024-03-24,ILI incidence,LV,quantile,0.7,3,482.11615613423373
2024-03-13,2024-03-24,ILI incidence,LV,quantile,0.75,3,505.15602003494274
2024-03-13,2024-03-24,ILI incidence,LV,quantile,0.8,3,532.6891243304166
2024-03-13,2024-03-24,ILI incidence,LV,quantile,0.85,3,577.081218788789
2024-03-13,2024-03-24,ILI incidence,LV,quantile,0.9,3,643.1257157433112
2024-03-13,2024-03-24,ILI incidence,LV,quantile,0.95,3,825.5261947376791
2024-03-13,2024-03-24,ILI incidence,LV,quantile,0.975,3,952.2307711190301
2024-03-13,2024-03-24,ILI incidence,LV,quantile,0.99,3,1286.030504939891
2024-03-13,2024-03-31,ILI incidence,LV,quantile,0.01,4,56.98971037276818
2024-03-13,2024-03-31,ILI incidence,LV,quantile,0.025,4,73.6922108984026
2024-03-13,2024-03-31,ILI incidence,LV,quantile,0.05,4,87.00316874839241
2024-03-13,2024-03-31,ILI incidence,LV,quantile,0.1,4,102.40265624149514
2024-03-13,2024-03-31,ILI incidence,LV,quantile,0.15,4,115.59554646234696
2024-03-13,2024-03-31,ILI incidence,LV,quantile,0.2,4,128.6977180529007
2024-03-13,2024-03-31,ILI incidence,LV,quantile,0.25,4,138.2858768169074
2024-03-13,2024-03-31,ILI incidence,LV,quantile,0.3,4,147.38842408931836
2024-03-13,2024-03-31,ILI incidence,LV,quantile,0.35,4,155.7412085642656
2024-03-13,2024-03-31,ILI incidence,LV,quantile,0.4,4,163.8698646584764
2024-03-13,2024-03-31,ILI incidence,LV,quantile,0.45,4,175.1403203755111
2024-03-13,2024-03-31,ILI incidence,LV,quantile,0.5,4,263.45757516572155
2024-03-13,2024-03-31,ILI incidence,LV,quantile,0.55,4,385.85301660791305
2024-03-13,2024-03-31,ILI incidence,LV,quantile,0.6,4,400.9870186976433
2024-03-13,2024-03-31,ILI incidence,LV,quantile,0.65,4,422.52202061340734
2024-03-13,2024-03-31,ILI incidence,LV,quantile,0.7,4,451.95487975512367
2024-03-13,2024-03-31,ILI incidence,LV,quantile,0.75,4,476.8664824544832
2024-03-13,2024-03-31,ILI incidence,LV,quantile,0.8,4,512.3628147536242
2024-03-13,2024-03-31,ILI incidence,LV,quantile,0.85,4,578.1191466471995
2024-03-13,2024-03-31,ILI incidence,LV,quantile,0.9,4,647.2187268867607
2024-03-13,2024-03-31,ILI incidence,LV,quantile,0.95,4,819.0704969139656
2024-03-13,2024-03-31,ILI incidence,LV,quantile,0.975,4,1061.2612237623043
2024-03-13,2024-03-31,ILI incidence,LV,quantile,0.99,4,1346.3330462355452
2024-03-13,2024-03-10,ILI incidence,SI,quantile,0.01,1,0.33028090863108944
2024-03-13,2024-03-10,ILI incidence,SI,quantile,0.025,1,0.8021107781040744
2024-03-13,2024-03-10,ILI incidence,SI,quantile,0.05,1,2.1456463314283987
2024-03-13,2024-03-10,ILI incidence,SI,quantile,0.1,1,4.196926688962201
2024-03-13,2024-03-10,ILI incidence,SI,quantile,0.15,1,6.180971290096102
2024-03-13,2024-03-10,ILI incidence,SI,quantile,0.2,1,8.42216317009278
2024-03-13,2024-03-10,ILI incidence,SI,quantile,0.25,1,11.088001932615146
2024-03-13,2024-03-10,ILI incidence,SI,quantile,0.3,1,13.164053358296279
2024-03-13,2024-03-10,ILI incidence,SI,quantile,0.35,1,15.11389029389339
2024-03-13,2024-03-10,ILI incidence,SI,quantile,0.4,1,17.410522183553145
2024-03-13,2024-03-10,ILI incidence,SI,quantile,0.45,1,20.125903082370172
2024-03-13,2024-03-10,ILI incidence,SI,quantile,0.5,1,52.986494341816204
2024-03-13,2024-03-10,ILI incidence,SI,quantile,0.55,1,123.57932026301685
2024-03-13,2024-03-10,ILI incidence,SI,quantile,0.6,1,135.60390448653587
2024-03-13,2024-03-10,ILI incidence,SI,quantile,0.65,1,152.6121917063633
2024-03-13,2024-03-10,ILI incidence,SI,quantile,0.7,1,178.04971954432557
2024-03-13,2024-03-10,ILI incidence,SI,quantile,0.75,1,198.39266436665332
2024-03-13,2024-03-10,ILI incidence,SI,quantile,0.8,1,228.13917848757765
2024-03-13,2024-03-10,ILI incidence,SI,quantile,0.85,1,278.7146221963869
2024-03-13,2024-03-10,ILI incidence,SI,quantile,0.9,1,349.3640677019243
2024-03-13,2024-03-10,ILI incidence,SI,quantile,0.95,1,460.09899934321237
2024-03-13,2024-03-10,ILI incidence,SI,quantile,0.975,1,557.7772189215102
2024-03-13,2024-03-10,ILI incidence,SI,quantile,0.99,1,777.1601786914035
2024-03-13,2024-03-17,ILI incidence,SI,quantile,0.01,2,0.28309792168379094
2024-03-13,2024-03-17,ILI incidence,SI,quantile,0.025,2,0.6829737360621456
2024-03-13,2024-03-17,ILI incidence,SI,quantile,0.05,2,1.6266334750081157
2024-03-13,2024-03-17,ILI incidence,SI,quantile,0.1,2,2.9725281776798047
2024-03-13,2024-03-17,ILI incidence,SI,quantile,0.15,2,4.8799004250243465
2024-03-13,2024-03-17,ILI incidence,SI,quantile,0.2,2,6.511252198727191
2024-03-13,2024-03-17,ILI incidence,SI,quantile,0.25,2,7.973924794093445
2024-03-13,2024-03-17,ILI incidence,SI,quantile,0.3,2,9.62532933724889
2024-03-13,2024-03-17,ILI incidence,SI,quantile,0.35,2,11.6223492597933
2024-03-13,2024-03-17,ILI incidence,SI,quantile,0.4,2,13.626446630379805
2024-03-13,2024-03-17,ILI incidence,SI,quantile,0.45,2,15.527921004355933
2024-03-13,2024-03-17,ILI incidence,SI,quantile,0.5,2,48.22101266013906
2024-03-13,2024-03-17,ILI incidence,SI,quantile,0.55,2,141.79549194869512
2024-03-13,2024-03-17,ILI incidence,SI,quantile,0.6,2,156.94005118410422
2024-03-13,2024-03-17,ILI incidence,SI,quantile,0.65,2,178.65602092659836
2024-03-13,2024-03-17,ILI incidence,SI,quantile,0.7,2,198.60734695726356
2024-03-13,2024-03-17,ILI incidence,SI,quantile,0.75,2,233.26089172070692
2024-03-13,2024-03-17,ILI incidence,SI,quantile,0.8,2,263.2338841789783
2024-03-13,2024-03-17,ILI incidence,SI,quantile,0.85,2,319.6871484867473
2024-03-13,2024-03-17,ILI incidence,SI,quantile,0.9,2,399.3450057751976
2024-03-13,2024-03-17,ILI incidence,SI,quantile,0.95,2,573.9031842854231
2024-03-13,2024-03-17,ILI incidence,SI,quantile,0.975,2,758.3591738825181
2024-03-13,2024-03-17,ILI incidence,SI,quantile,0.99,2,1137.9977333292786
2024-03-13,2024-03-24,ILI incidence,SI,quantile,0.01,3,0.14154896084189547
2024-03-13,2024-03-24,ILI incidence,SI,quantile,0.025,3,0.6009932962412146
2024-03-13,2024-03-24,ILI incidence,SI,quantile,0.05,3,1.3211236345243578
2024-03-13,2024-03-24,ILI incidence,SI,quantile,0.1,3,2.682352807953919
2024-03-13,2024-03-24,ILI incidence,SI,quantile,0.15,3,3.8890576991310777
2024-03-13,2024-03-24,ILI incidence,SI,quantile,0.2,3,5.00139661641364
2024-03-13,2024-03-24,ILI incidence,SI,quantile,0.25,3,6.2458478971486375
2024-03-13,2024-03-24,ILI incidence,SI,quantile,0.3,3,7.549277911567759
2024-03-13,2024-03-24,ILI incidence,SI,quantile,0.35,3,8.884556442176306
2024-03-13,2024-03-24,ILI incidence,SI,quantile,0.4,3,10.701101439647298
2024-03-13,2024-03-24,ILI incidence,SI,quantile,0.45,3,12.7523817971811
2024-03-13,2024-03-24,ILI incidence,SI,quantile,0.5,3,50.39143005971479
2024-03-13,2024-03-24,ILI incidence,SI,quantile,0.55,3,145.1384065739112
2024-03-13,2024-03-24,ILI incidence,SI,quantile,0.6,3,170.67973698315757
2024-03-13,2024-03-24,ILI incidence,SI,quantile,0.65,3,198.98717000218932
2024-03-13,2024-03-24,ILI incidence,SI,quantile,0.7,3,231.20607263915207
2024-03-13,2024-03-24,ILI incidence,SI,quantile,0.75,3,280.4733680348475
2024-03-13,2024-03-24,ILI incidence,SI,quantile,0.8,3,332.39942474502357
2024-03-13,2024-03-24,ILI incidence,SI,quantile,0.85,3,412.3262250590731
2024-03-13,2024-03-24,ILI incidence,SI,quantile,0.9,3,512.881427266482
2024-03-13,2024-03-24,ILI incidence,SI,quantile,0.95,3,814.8206952129982
2024-03-13,2024-03-24,ILI incidence,SI,quantile,0.975,3,1003.4382242588498
2024-03-13,2024-03-24,ILI incidence,SI,quantile,0.99,3,1403.074349063512
2024-03-13,2024-03-31,ILI incidence,SI,quantile,0.01,4,0.09436597389459699
2024-03-13,2024-03-31,ILI incidence,SI,quantile,0.025,4,0.37746389557838794
2024-03-13,2024-03-31,ILI incidence,SI,quantile,0.05,4,0.7549277911567759
2024-03-13,2024-03-31,ILI incidence,SI,quantile,0.1,4,1.4626725953662532
2024-03-13,2024-03-31,ILI incidence,SI,quantile,0.15,4,2.4735680907121234
2024-03-13,2024-03-31,ILI incidence,SI,quantile,0.2,4,3.4396397484580605
2024-03-13,2024-03-31,ILI incidence,SI,quantile,0.25,4,4.5767497338879535
2024-03-13,2024-03-31,ILI incidence,SI,quantile,0.3,4,5.553437563697033
2024-03-13,2024-03-31,ILI incidence,SI,quantile,0.35,4,6.8415331073582815
2024-03-13,2024-03-31,ILI incidence,SI,quantile,0.4,4,8.021107781040744
2024-03-13,2024-03-31,ILI incidence,SI,quantile,0.45,4,9.436597389459699
2024-03-13,2024-03-31,ILI incidence,SI,quantile,0.5,4,43.785811887093
2024-03-13,2024-03-31,ILI incidence,SI,quantile,0.55,4,155.6979590527166
2024-03-13,2024-03-31,ILI incidence,SI,quantile,0.6,4,179.78605346398618
2024-03-13,2024-03-31,ILI incidence,SI,quantile,0.65,4,212.93682009315808
2024-03-13,2024-03-31,ILI incidence,SI,quantile,0.7,4,250.51571004733398
2024-03-13,2024-03-31,ILI incidence,SI,quantile,0.75,4,302.1362569170259
2024-03-13,2024-03-31,ILI incidence,SI,quantile,0.8,4,369.0134226161268
2024-03-13,2024-03-31,ILI incidence,SI,quantile,0.85,4,454.2176400202321
2024-03-13,2024-03-31,ILI incidence,SI,quantile,0.9,4,611.0574273570733
2024-03-13,2024-03-31,ILI incidence,SI,quantile,0.95,4,940.0868072593809
2024-03-13,2024-03-31,ILI incidence,SI,quantile,0.975,4,1257.3599561764465
2024-03-13,2024-03-31,ILI incidence,SI,quantile,0.99,4,2233.1176913552936
